Source Account,Date,Text,Negative,Neutral,Positive,Compound
BBC,Thu Dec 07 18:00:02 +0000 2017,"Well, the intention was there. üòÇ
Via @BBCTheSocial. https://t.co/wn5GDMKRLr",0.0,0.769,0.231,0.2732
BBC,Thu Dec 07 17:30:10 +0000 2017,The first Scrooge: How the world‚Äôs best-known miser was brought to life. üò† https://t.co/sm04aNKxmz https://t.co/cmf553OWUA,0.177,0.823,0.0,-0.4215
BBC,Thu Dec 07 17:00:06 +0000 2017,üèÇ These prosthetic feet are designed specifically for snowboarding. Via @BBCClick. https://t.co/6Lwjtc6vZM,0.0,1.0,0.0,0.0
BBC,Thu Dec 07 16:00:04 +0000 2017,"üé§üòç Still can't get over @RitaOra's #SLFN performance last week...
Catch up here. üëâ https://t.co/7RsS8rIkbR
Via‚Ä¶ https://t.co/WWTXwbyCOP",0.0,1.0,0.0,0.0
BBC,Thu Dec 07 14:00:08 +0000 2017,"Embracing me-time, onesie-wearing and cheeky snogs... being single at Christmas time is the best. üéÅ‚Ä¶ https://t.co/Nzr1my5gmT",0.0,0.781,0.219,0.6369
BBC,Thu Dec 07 13:39:52 +0000 2017,RT @BBCTwo: This is why you should NEVER mess with other people's things... üò±üòÇ #Motherland https://t.co/59wJYnkHLz,0.143,0.857,0.0,-0.3612
BBC,Thu Dec 07 13:30:01 +0000 2017,"Can an employer demand that you go to work naked? What makes a dress code reasonable or unreasonable? üëîüë†
Via‚Ä¶ https://t.co/RXFvbZ89rY",0.089,0.911,0.0,-0.2168
BBC,Thu Dec 07 13:00:07 +0000 2017,"Passers-by in this Belgian town have been asking, 'is this modern art?' after seeing a building slowly envelop a st‚Ä¶ https://t.co/5UsApOKurQ",0.0,1.0,0.0,0.0
BBC,Thu Dec 07 12:30:06 +0000 2017,"üéÑüçø A snack to bring a little joy to your world this Christmas. 
Via @BBCFood. https://t.co/YM6ALRCeYQ",0.0,0.788,0.212,0.5434
BBC,Thu Dec 07 12:00:08 +0000 2017,Why I‚Äôm not going to any Christmas parties this year. üéÅüôÖ https://t.co/S8gxk2r8cV https://t.co/gCImpSVyko,0.0,0.816,0.184,0.4019
BBC,Thu Dec 07 11:00:08 +0000 2017,üè≥Ô∏è‚Äçüåà Same-sex marriage will become legal in Australia after a historic bill was passed in the House of Representati‚Ä¶ https://t.co/pTJ33ogFN6,0.0,0.923,0.077,0.128
BBC,Thu Dec 07 10:33:35 +0000 2017,"This 98-year-old lady is about to star in her first ever nativity play. ‚ù§Ô∏è
Via @BBCLookNorth. https://t.co/64le1kLdvz",0.0,0.87,0.13,0.34
BBC,Thu Dec 07 10:24:39 +0000 2017,"RT @BBC_Teach: Are you ready to join the Super Movement?

Coming soon - a new exciting partnership between the BBC and @premierleague to in‚Ä¶",0.0,0.604,0.396,0.8957
BBC,Thu Dec 07 09:00:04 +0000 2017,"Quiz: Operation Ouch's Sleigh &amp; E.
Do you know the right remedies for these festive injuries?‚Ä¶ https://t.co/KeAzSsoEYz",0.0,0.842,0.158,0.4588
BBC,Thu Dec 07 08:40:01 +0000 2017,"Meet the women who have secret protection against HIV, for when men won't wear condoms.
Via BBC World Hacks. https://t.co/SIKhIiItkd",0.0,1.0,0.0,0.0
BBC,Thu Dec 07 08:30:26 +0000 2017,"RT @BBC100women: ""The violence, in a split second, destroyed my life.""
Resham Khan was left seriously injured after acid was thrown in her‚Ä¶",0.394,0.606,0.0,-0.8934
BBC,Thu Dec 07 08:29:13 +0000 2017,"RT @BBCBreaking: Australians voted yes, now so do their MPs: Same-sex marriage will be legal after historic bill approved https://t.co/yNmp‚Ä¶",0.0,0.708,0.292,0.7184
BBC,Thu Dec 07 08:28:58 +0000 2017,RT @BBCFood: Cinnamon adds a touch of festivity to porridge. What do you use? ü§î https://t.co/EUtdO3rRF4 https://t.co/XWAgqH9nK4,0.0,0.814,0.186,0.4939
BBC,Thu Dec 07 08:28:53 +0000 2017,"RT @BBCBreakfast: The new City of Culture will be revealed later. 
Coventry, Paisley, Stoke-on-Trent, Sunderland and Swansea are in the run‚Ä¶",0.0,1.0,0.0,0.0
BBC,Thu Dec 07 08:28:35 +0000 2017,"RT @CBeebiesHQ: üê® #NOSTALGIA ALERT! üê®

üéµHave you ever, ever felt like this‚Ä¶? üéµ 

Enjoy this #Earworm from down under! üá¶üá∫

 #ThrowbackThursd‚Ä¶",0.0,0.634,0.366,0.8488
BBC,Thu Dec 07 08:20:04 +0000 2017,Powerful storms can produce tremors that are helping geologists to see what the Earth‚Äôs interior might be like. üëÄüåç‚Ä¶ https://t.co/OKOZVN1xIu,0.0,0.694,0.306,0.7579
BBC,Thu Dec 07 08:00:05 +0000 2017,The story of a body of water's extraordinary journey in the largest silver objects ever produced. üí¶‚ö±‚Ä¶ https://t.co/imsRUNBqBb,0.0,1.0,0.0,0.0
BBC,Thu Dec 07 07:38:04 +0000 2017,üêÜ‚ùÑÔ∏è The Frozen Ark at @UniofNottingham is freezing cells from endangered animals to help stop extinction. üìª‚Ä¶ https://t.co/TWfVmzDj8Y,0.169,0.704,0.127,0.0258
BBC,Wed Dec 06 21:53:41 +0000 2017,RT @BBCTheOneShow: Tomorrow The Queen will commission @HMSQnlz into service in #portsmouth -It's The @RoyalNavy‚Äôs biggest and most advanced‚Ä¶,0.0,1.0,0.0,0.0
BBC,Wed Dec 06 21:53:33 +0000 2017,RT @BBCNewsbeat: Anybody else still get tears watching the kids interrupting the BBC interview about North Korea? üòÇ https://t.co/9kt5GL1nuP,0.204,0.796,0.0,-0.4767
BBC,Wed Dec 06 21:51:50 +0000 2017,"RT @bbcmusic: She's the most-streamed female artist of 2017, and she's guest hosting #SLFN this week üòç
@DUALIPA we cannot WAIT üíï
Watch: Fri‚Ä¶",0.0,1.0,0.0,0.0
BBC,Wed Dec 06 21:51:33 +0000 2017,"RT @bbcstories: Age is just a number - Charles took up sprinting at 95 and became a world champion! üèÉüèºü•á 
#EverydayHeroes https://t.co/OgnOI‚Ä¶",0.0,0.756,0.244,0.6696
BBC,Wed Dec 06 21:51:27 +0000 2017,"RT @TWBBC: One week til Tomorrow's World Live from Glasgow @gsc1 

‚åöüë©+ü§ñ Our last episode 'Me and My Robot' is on @BBCiPlayer until 6pm toda‚Ä¶",0.0,1.0,0.0,0.0
BBC,Wed Dec 06 21:51:14 +0000 2017,"RT @bbcmusic: üí´@Harry_Styles is nominated for BBC Music Artist Of The Year, and we're STILL obsessed with this performance of 'Sign Of The‚Ä¶",0.072,0.928,0.0,-0.1779
BBC,Wed Dec 06 21:51:01 +0000 2017,"RT @BBCEarth: The water in our oceans fell in frozen lumps from space 
#BluePlanet2 #OurBluePlanet https://t.co/cT0GSthTLD",0.0,1.0,0.0,0.0
BBC,Wed Dec 06 21:50:39 +0000 2017,"RT @BBCSpringwatch: A gorgeous long-eared owl in today's advent calendar üéÑüóìÔ∏è
Tag a friend who's this fabulous üíÖüèΩ https://t.co/tyhSndmzyh",0.0,0.569,0.431,0.891
BBC,Wed Dec 06 21:49:34 +0000 2017,RT @BBCNewsPR: Our very own @HuwBBC went back to school to show young people how to spot fake or false info. AND he also showed them how to‚Ä¶,0.103,0.897,0.0,-0.4767
BBC,Wed Dec 06 21:49:19 +0000 2017,RT @bbcintroducing: Take a look at @DeclanMcKenna's journey to become the @BBCMusic Introducing Artist of the Year: https://t.co/ThyRiBl1EN‚Ä¶,0.0,1.0,0.0,0.0
BBC,Wed Dec 06 20:00:29 +0000 2017,"Lubaina Himid has become the oldest winner of the #TurnerPrize, and the first black woman to pick up the art award.‚Ä¶ https://t.co/Bljbhmgy8U",0.0,0.847,0.153,0.5859
BBC,Wed Dec 06 19:30:09 +0000 2017,üìª Canadian @RupiKaur_ is one of the most successful poets in recent history. She gets stopped on the streets these‚Ä¶ https://t.co/bVOMof6EpC,0.079,0.75,0.171,0.4927
BBC,Wed Dec 06 19:00:02 +0000 2017,"üòãüç≤ @Rick_Stein's ‚Äòcarne con chilli‚Äô is simple but amazing.üëå
Full recipe here üëâ https://t.co/aG8c8Kinf3‚Ä¶ https://t.co/hvxt61SPAc",0.0,1.0,0.0,0.0
BBC,Wed Dec 06 18:30:06 +0000 2017,"'We could sing before we could speak.' üéµ
Six things we learned from Beyond Belief‚Äôs exploration of the power of cha‚Ä¶ https://t.co/jvaz92ssm3",0.0,0.913,0.087,0.2263
BBC,Wed Dec 06 18:02:04 +0000 2017,"üëÅ More than 200 years after the Illuminati was founded, it has become one of the world‚Äôs greatest conspiracy theori‚Ä¶ https://t.co/I3zrWKYYiF",0.133,0.703,0.164,0.2023
BBC,Wed Dec 06 17:01:06 +0000 2017,"RT @CBeebiesHQ: #BedtimeStory Assemble! üòâ

@ChrisEvans's 'Goodnight World' story is being repeated tonight at 6:50pm!

Merry Chris-mas! üéÖ h‚Ä¶",0.0,0.785,0.215,0.6571
BBC,Wed Dec 06 17:00:15 +0000 2017,"Star Wars' @HamillHimself uses 'the old wheelchair trick' while Jennifer Lawrence is 'incredibly rude.'

üì∏ Here's h‚Ä¶ https://t.co/kAqT0O2dqv",0.242,0.758,0.0,-0.5859
BBC,Wed Dec 06 16:30:05 +0000 2017,Why some people can hear this silent gif... https://t.co/NRZJbZEV4F https://t.co/NYM6qIWdLB,0.0,1.0,0.0,0.0
BBC,Wed Dec 06 15:00:08 +0000 2017,üéÖ A fragment of bone claimed to be from St Nicholas has been radio carbon tested &amp; proved to be the 'correct age.'‚Ä¶ https://t.co/k9Hid0mfaE,0.0,1.0,0.0,0.0
BBC,Wed Dec 06 14:52:23 +0000 2017,RT @bbccomedy: SNEAK PEEK: Queen Emma Thompson will play Queen Elizabeth I in the #UpstartCrow Christmas special. üòçüëë https://t.co/b8Vjeho3x2,0.0,0.758,0.242,0.6249
BBC,Wed Dec 06 14:28:04 +0000 2017,"From white, large-snouted fairy tale characters, to some very angry birds, here are ten fantastic things to come ou‚Ä¶ https://t.co/Zkemy4cxtd",0.143,0.714,0.143,0.0018
BBC,Wed Dec 06 14:02:01 +0000 2017,"'I enjoy fencing because when I'm here I can forget about life inside.' ü§∫
Via BBC Minute. https://t.co/pb8w2gGYU0",0.099,0.733,0.168,0.3182
BBC,Wed Dec 06 13:30:06 +0000 2017,Royal weddings: How engaged are you? Test your knowledge of royal romances. üëëüíç https://t.co/Wfsv471V1H https://t.co/CDXEjBuXG1,0.0,0.722,0.278,0.6124
BBC,Wed Dec 06 13:20:35 +0000 2017,‚úä @Time magazine has named 'the Silence Breakers' - women who spoke out against sexual abuse &amp; harassment - as its‚Ä¶ https://t.co/VWOaYaHfL3,0.312,0.688,0.0,-0.8271
BBC,Wed Dec 06 13:00:06 +0000 2017,üì∞ü§î Young people should know how to filter out fake or false information in the news. https://t.co/KlWluQyxma https://t.co/nJYNYeiYF1,0.154,0.846,0.0,-0.4767
BBC,Wed Dec 06 12:30:06 +0000 2017,"The poignant moment police officers promise to uphold the law. üëÆ
#TheForce via @BBCScotland.
Watch on @BBCiPlayer üëâ‚Ä¶ https://t.co/una6xGmRHY",0.0,0.881,0.119,0.3182
BBC,Wed Dec 06 12:00:06 +0000 2017,üé§‚ù§Ô∏èÔ∏è Camilizers rejoice! @Camila_Cabello has confirmed the title and release date of her debut album.‚Ä¶ https://t.co/WZuva7xv4e,0.0,0.825,0.175,0.4926
BBC,Wed Dec 06 11:37:43 +0000 2017,"RT @bbcpress: üç¥üéÑ The @hairybikers are home for Christmas &amp; sharing festive recipes with a new guest each day, 3.45pm @BBCOne - https://t.co‚Ä¶",0.0,0.766,0.234,0.7003
BBC,Wed Dec 06 11:04:03 +0000 2017,From sushi croissants to pasta donuts üç£ü•ê @BBCWorldService reveals the food trends we expect to see on the high stre‚Ä¶ https://t.co/UhAhigMM3I,0.0,1.0,0.0,0.0
BBC,Wed Dec 06 09:56:45 +0000 2017,"RT @BBCRadio2: This year's Christmas tree *essential* - revamped and relaunched for 2017.
Add a bit of @realKenBruce magic to your living r‚Ä¶",0.0,1.0,0.0,0.0
BBC,Wed Dec 06 09:49:33 +0000 2017,"RT @bbccomedy: üö® STOP. EVERYTHING. üö®
Exclusive look at brand new #TheLeagueofGentlemen 
Coming 18, 19 and 20 December on @BBCTwo 
@ReeceShe‚Ä¶",0.137,0.793,0.07,-0.347
BBC,Wed Dec 06 09:00:10 +0000 2017,"Our thirst for drinking water is causing severe subsidence in many areas around the world, putting them at risk of‚Ä¶ https://t.co/srk2qroSeI",0.198,0.802,0.0,-0.5719
BBC,Wed Dec 06 08:40:02 +0000 2017,"13-year-old Mohammad is a human calculator. 
Via BBC Minute. https://t.co/5LIDp3hZXh",0.0,1.0,0.0,0.0
BBC,Wed Dec 06 08:35:30 +0000 2017,"RT @bbcmusic: We LOVED having @PalomaFaith as this week's #SLFN guest host, with amazing performances from @RitaOra, @RoyalBloodUK and @Thi‚Ä¶",0.0,0.681,0.319,0.8567
BBC,Wed Dec 06 08:34:32 +0000 2017,"RT @BBCOne: How will the Holby family cope when their whole world is torn apart? 

#HolbyCity. Continues Thursday, 8pm. @BBCOne. https://t.‚Ä¶",0.091,0.909,0.0,-0.25
BBC,Wed Dec 06 08:34:23 +0000 2017,RT @BBCWthrWatchers: Welcome to Wednesday! A few of you getting a glimpse of the sun this morning. https://t.co/UIUdoMXQta,0.0,0.82,0.18,0.5093
BBC,Wed Dec 06 08:34:07 +0000 2017,RT @BBCSpringwatch: Is this where autumn ends and winter begins? üçÇ‚ùÑÔ∏è https://t.co/alO9GKOquc,0.0,1.0,0.0,0.0
BBC,Wed Dec 06 08:33:55 +0000 2017,"RT @CBeebiesHQ: Christmas has come early! üéÖ

@ChrisEvans's #BedtimeStory 'Goodnight World' is being repeated tonight!

Assemble at 6:50pm!‚Ä¶",0.0,1.0,0.0,0.0
BBC,Wed Dec 06 08:20:03 +0000 2017,Why so many young mums are struggling with depression. https://t.co/xHZ9JPam5q https://t.co/wcxjDg9Aql,0.419,0.581,0.0,-0.7579
BBC,Wed Dec 06 08:00:03 +0000 2017,"The RemoveDebris spacecraft with its harpoon and net, will clean up some of the 7,500 tonnes of space junk orbiting‚Ä¶ https://t.co/lJcV9gLMmc",0.0,0.881,0.119,0.4019
BBC,Wed Dec 06 07:38:03 +0000 2017,Cultural powerplant: How D√ºsseldorf shaped contemporary art and electronic music. https://t.co/frbmX5x3Q0 https://t.co/la5la6zf7l,0.0,1.0,0.0,0.0
BBC,Tue Dec 05 20:35:04 +0000 2017,"Stunning aerial photos capture US cities from above üì∏ https://t.co/TavPWWpxjD
Via @BBCNews https://t.co/ETkBZnEpfl",0.0,0.809,0.191,0.3818
BBC,Tue Dec 05 19:16:02 +0000 2017,"While filming in the Galapagos, the #BluePlanet2 team had a rather unexpected visitor. ‚õ∫Ô∏è Via @BBCEarth https://t.co/n6ZlMNFJGv",0.0,1.0,0.0,0.0
BBC,Tue Dec 05 19:00:03 +0000 2017,"#DTMH
Via @BBCTheSocial. https://t.co/2jFvmmgxLk",0.0,1.0,0.0,0.0
BBC,Tue Dec 05 18:30:04 +0000 2017,Tom Hardy is returning to #PeakyBlinders. üò± Here's a sneak preview from tomorrow's episode courtesy of @BBCTwo. https://t.co/HUdt9FxNx0,0.0,0.729,0.271,0.6369
BBC,Tue Dec 05 18:05:03 +0000 2017,"Tonight, @DrSamWillis gets to grips with Viking boat technology and rides an Iron Age chariot. Invasion! with Sam W‚Ä¶ https://t.co/4a7qYwlUC4",0.0,1.0,0.0,0.0
BBC,Tue Dec 05 17:30:03 +0000 2017,Postpartum psychosis affects 1/1000 women. Via @TWBBC. https://t.co/xaTnawlTns,0.0,1.0,0.0,0.0
BBC,Tue Dec 05 17:15:04 +0000 2017,Was this the first Dead Sea scroll? Via @BBC_Travel https://t.co/szAWbbo1cl https://t.co/sdBIMM47rn,0.301,0.699,0.0,-0.6486
BBC,Tue Dec 05 17:13:22 +0000 2017,Great news #BluePlanet2 fans! üê¨ https://t.co/M0RYM76PUK https://t.co/65ksQ1aHBW,0.0,0.532,0.468,0.6588
BBC,Tue Dec 05 17:04:20 +0000 2017,RT @BBCNewsbeat: This 709 carat diamond has sold for ¬£4.8m https://t.co/oZi1ZXoIXP https://t.co/vblq7b4mg8,0.0,0.821,0.179,0.34
BBC,Tue Dec 05 16:00:15 +0000 2017,Single people really love this family‚Äôs Christmas card joke üòÇ https://t.co/AWs9YsULiT https://t.co/i3jhBRzBrR,0.0,0.574,0.426,0.7713
BBC,Tue Dec 05 15:56:06 +0000 2017,"RT @BBCR1: .@Louis_Tomlinson: future Mayor of Doncaster? ü§î

Listen back to his chat with @GregJames üëâ https://t.co/qHZ6g0UNzM https://t.co/‚Ä¶",0.0,1.0,0.0,0.0
BBC,Tue Dec 05 15:30:04 +0000 2017,.@robbiewilliams had a strange way of keeping his relationship with Geri Halliwell secret... (Via @BBCOne) https://t.co/kXbSLoDBZm,0.114,0.886,0.0,-0.2023
BBC,Tue Dec 05 14:30:09 +0000 2017,Quiz: Do you know these tricky trees? üå≤ü§î #NationalTreeWeek https://t.co/dJJBMuC9Jm https://t.co/AohqdGPzuy,0.138,0.862,0.0,-0.1531
BBC,Tue Dec 05 13:57:21 +0000 2017,"RT @BBCTwo: Nicola has cerebral palsy and is desperate to find a job. 

But nobody will employ her. 

#EmployableMe https://t.co/xIt350rxcD",0.113,0.887,0.0,-0.3182
BBC,Tue Dec 05 13:30:01 +0000 2017,"üòãüç∞ Sink your teeth into @Nigella_Lawson's sunken chocolate amaretto cake. 
Full recipe here üëâ‚Ä¶ https://t.co/kOgQe2uoO5",0.0,1.0,0.0,0.0
BBC,Tue Dec 05 13:00:06 +0000 2017,How hot is your hooter? Test your knowledge of nebs and other smell receptors in wildlife and culture here ‚û°Ô∏è üêΩ‚Ä¶ https://t.co/SBHVX6G8Oa,0.0,1.0,0.0,0.0
BBC,Tue Dec 05 12:30:06 +0000 2017,"'Whatever you do, just don't put on that stupid voice you do when you're feeling insecure.' üòÇüîßüöô
Via @BBCScotland. https://t.co/OZLWPxHATw",0.148,0.786,0.066,-0.4404
BBC,Tue Dec 05 12:00:10 +0000 2017,"Cracking open some fancy biscuits is a welcome treat over Christmas, but this year you might notice a hefty rise in‚Ä¶ https://t.co/1biWKGN9gx",0.0,0.824,0.176,0.431
BBC,Tue Dec 05 11:15:04 +0000 2017,The BBC has just made the 1930s issues of the complete Radio Times magazines available online for the first time. üìª‚Ä¶ https://t.co/jszdwLLpf2,0.0,1.0,0.0,0.0
BBC,Tue Dec 05 11:05:03 +0000 2017,10 things not to say to someone with a migraine https://t.co/NssciEAXu3 https://t.co/U8SQZyxXWZ,0.0,1.0,0.0,0.0
BBC,Tue Dec 05 11:03:18 +0000 2017,"RT @bbctms: Look at that sunset!

#Ashes #bbccricket https://t.co/fM9mk8oCMG",0.0,1.0,0.0,0.0
BBC,Tue Dec 05 10:31:02 +0000 2017,"‚ÄúYou can‚Äôt really see what it is‚Äù ‚Ä¶ üòÇ
@BBCBreakfast asked some primary school kids to judge this year‚Äôs‚Ä¶ https://t.co/cw6ujJcHw3",0.0,1.0,0.0,0.0
BBC,Tue Dec 05 10:12:51 +0000 2017,"RT @BBCOne: Your first New Year‚Äôs resolution? Watch this. 
#McMafia. 01.01.18. @BBCOne. https://t.co/u3QB8RFBLd",0.0,1.0,0.0,0.0
BBC,Tue Dec 05 10:10:24 +0000 2017,"RT @BBCSpringwatch: You asked for a cute baby stoat &amp; Christmas music - and that's EXACTLY what you're getting üéÅ
Day five of the advent cal‚Ä¶",0.0,0.88,0.12,0.4588
BBC,Tue Dec 05 09:30:08 +0000 2017,How you can help a friend who is struggling with depression üíõ https://t.co/g12Wf5PCFK https://t.co/2LyBie5nGE,0.319,0.392,0.289,-0.1531
BBC,Tue Dec 05 09:10:51 +0000 2017,"RT @BBCSportWales: üèÜ @JonFoxDavies wins BBC Wales Sports Personality of the Year! üéâ

üëè The @WelshRugbyUnion, @scarlets_rugby and @lionsoffi‚Ä¶",0.0,0.79,0.21,0.6114
BBC,Tue Dec 05 08:40:01 +0000 2017,"These women are pushing young girls into school, not marriage. 
Full story üëâ https://t.co/fVjCWYMl6M
#BBCInnovators https://t.co/TIf5lbu3GZ",0.0,1.0,0.0,0.0
BBC,Tue Dec 05 08:00:03 +0000 2017,Want to know more about the Chinese company that's now more valuable than Facebook? Via @BBCClick. https://t.co/TXPGvSB9QO,0.0,0.762,0.238,0.5709
BBC,Mon Dec 04 20:00:02 +0000 2017,"David Attenborough uncovers the story of the world's first animal superstar ‚Äì Jumbo, the giant elephant. Coming soo‚Ä¶ https://t.co/0VaLp51kGA",0.0,1.0,0.0,0.0
BBC,Mon Dec 04 19:33:04 +0000 2017,"Discover how nature, power and faith have shaped Mexico. üé® The Art That Made Mexico: Paradise, Power and Prayers. 9‚Ä¶ https://t.co/uQ69pIHLJm",0.0,0.72,0.28,0.7906
BBC,Mon Dec 04 19:00:01 +0000 2017,"Have we got five eight-year-olds robbing houses? No! We've got two bams with triplets. üòÇ
#ScotSquad via‚Ä¶ https://t.co/Fp70nuFf0X",0.135,0.865,0.0,-0.3595
BBC,Mon Dec 04 18:33:04 +0000 2017,"Banned from making films in Iran, Jafar Panahi poses as a taxi driver and records the lives of Tehran's inhabitants‚Ä¶ https://t.co/Ai4BJG9PHY",0.136,0.864,0.0,-0.4588
BBC,Mon Dec 04 18:07:04 +0000 2017,"Miriam Margoyles, @Wayne_Sleep, @BobbyGeorge180 &amp; @RosemaryShrager discover what it's like to grow old in other cou‚Ä¶ https://t.co/AryYJb5FsP",0.0,0.865,0.135,0.3612
BBC,Mon Dec 04 17:30:05 +0000 2017,"We don't want to get sentimental, but @BBCR1's Live Lounge sessions have been pretty phenomenal in 2017. Here are s‚Ä¶ https://t.co/8bAkeFs5ut",0.044,0.718,0.237,0.704
BBC,Mon Dec 04 17:00:06 +0000 2017,"2 million tonnes of food is wasted each year in the UK due to it not being used on time. üçÖüóë
Via @BBCBreakfast. https://t.co/gVn82F3qAe",0.127,0.873,0.0,-0.4939
BBC,Mon Dec 04 15:05:03 +0000 2017,"RT @BBCSpringwatch: What's in the Winterwatch advent calendar today? üéÑüéÅ
It's purple sandpipers dashing from ferocious waves on the Dorset c‚Ä¶",0.065,0.935,0.0,-0.1027
ABC News,Thu Dec 07 17:53:12 +0000 2017,"LATEST: Two students killed in shooting at New Mexico high school, New Mexico State Police say; suspected shooter i‚Ä¶ https://t.co/KCYBHqaDwX",0.262,0.738,0.0,-0.7506
ABC News,Thu Dec 07 17:50:30 +0000 2017,Ex-cop Michael Slager sentenced to 20 years for shooting death of Walter Scott. https://t.co/sg7g5K0fu3 https://t.co/RrlHGst1PQ,0.278,0.722,0.0,-0.6124
ABC News,Thu Dec 07 17:35:26 +0000 2017,"Sen. Lindsey Graham: If Roy Moore wins, he will be ""the gift that keeps on giving, in terms of Democratic politics.‚Ä¶ https://t.co/ILJcRzZ9U0",0.0,0.679,0.321,0.8402
ABC News,Thu Dec 07 17:16:21 +0000 2017,"Sen. Al Franken in resignation speech: ""I, of all people, am aware that there is some irony in the fact that I am l‚Ä¶ https://t.co/gkcfk6M7rJ",0.134,0.866,0.0,-0.34
ABC News,Thu Dec 07 17:14:08 +0000 2017,"NEW: MN Gov. Mark Dayton on Sen. Al Franken's resignation announcement: ""I have not yet decided on my appointment t‚Ä¶ https://t.co/wvuHYqZ9s3",0.099,0.901,0.0,-0.296
ABC News,Thu Dec 07 17:11:14 +0000 2017,"Two people shot at New Mexico high school, Aztec Police Department says; police say the suspected shooter is ""down."" https://t.co/6nZ94VMoON",0.091,0.909,0.0,-0.2263
ABC News,Thu Dec 07 17:10:15 +0000 2017,Two police helicopter pilots in Florida land chopper and chase down suspect who allegedly aimed a red laser at them‚Ä¶ https://t.co/WnfaWbD6CF,0.104,0.896,0.0,-0.296
ABC News,Thu Dec 07 17:01:22 +0000 2017,"Sen. Al Franken: ""This has been a tough few weeks for me. But I am a very, very lucky man. I have beautiful, health‚Ä¶ https://t.co/n1zBgMdxwf",0.056,0.672,0.272,0.7764
ABC News,Thu Dec 07 16:58:52 +0000 2017,"Sen. Al Franken: ""There is some irony in the fact that I am leaving while a man who has bragged on tape about his h‚Ä¶ https://t.co/4tNNw2Rb2T",0.05,0.95,0.0,-0.0516
ABC News,Thu Dec 07 16:57:19 +0000 2017,"BREAKING: Sen. Al Franken announces he will resign from the Senate ""in the coming weeks"" amid sexual misconduct all‚Ä¶ https://t.co/U3uXhxIDox",0.112,0.888,0.0,-0.34
ABC News,Thu Dec 07 16:52:52 +0000 2017,House approves controversial measure that would allow gun owners with concealed carry permits from one state to car‚Ä¶ https://t.co/BsG9O9rb19,0.176,0.63,0.193,0.1027
ABC News,Thu Dec 07 16:51:34 +0000 2017,LIVE NOW: @ABC News Special Report: Sen. Al Franken delivers remarks on Senate floor. https://t.co/Efk6fvYAc0,0.0,0.838,0.162,0.4019
ABC News,Thu Dec 07 16:31:42 +0000 2017,"ON YOUR MARKS, GET SET, GO: Couple uses a race car to reveal the gender of their baby. It's a girl!‚Ä¶ https://t.co/POVrZSHrMf",0.0,1.0,0.0,0.0
ABC News,Thu Dec 07 16:21:57 +0000 2017,CORRECTION: Former South Carolina police officer Michael Slager faces 19 to 24 years in prison for shooting death o‚Ä¶ https://t.co/bbUGGLFgEy,0.286,0.714,0.0,-0.802
ABC News,Thu Dec 07 16:02:03 +0000 2017,FBI director set to testify before House Judiciary Committee after Pres. Trump's blistering attacks on the bureau:‚Ä¶ https://t.co/WEyappUr9Y,0.146,0.854,0.0,-0.4404
ABC News,Thu Dec 07 15:58:29 +0000 2017,"NEW: FBI Director Chris Wray responds to Pres. Trump's claim that bureau's reputation is in ""tatters"": ""The FBI tha‚Ä¶ https://t.co/6GbVRe76wF",0.0,1.0,0.0,0.0
ABC News,Thu Dec 07 15:58:19 +0000 2017,Stunning timelapse video shows a massive volcanic ash cloud erupting from Mount Agung volcano in Bali.‚Ä¶ https://t.co/tSOwokJLrQ,0.0,0.852,0.148,0.3818
ABC News,Thu Dec 07 15:30:56 +0000 2017,"Trees burn and roadside landscapes smolder in Ojai, California as wildfires continue to rage across Southern Califo‚Ä¶ https://t.co/0A8D8lL72C",0.175,0.825,0.0,-0.5574
ABC News,Thu Dec 07 15:22:10 +0000 2017,MORE: Former South Carolina police officer Michael Slager sentenced to 19 to 24 years in prison for the deadly shoo‚Ä¶ https://t.co/tV9L2Qfgwh,0.188,0.812,0.0,-0.5267
ABC News,Thu Dec 07 15:20:23 +0000 2017,JUST IN: Former South Carolina police officer Michael Slager sentenced to 19-24 years in prison for deadly shooting‚Ä¶ https://t.co/EQtTaaRVo3,0.206,0.794,0.0,-0.5267
ABC News,Thu Dec 07 14:58:11 +0000 2017,Snow expected in unusually far southern areas of the U.S. tonight; some areas could see more than 1 inch of snow.‚Ä¶ https://t.co/HhBvzb6xUs,0.0,1.0,0.0,0.0
ABC News,Thu Dec 07 14:40:18 +0000 2017,"Gay man denied marriage license by Kentucky county Kim Davis is challenging her for her clerk: I want to bring ""peo‚Ä¶ https://t.co/ARTVcrt04k",0.122,0.756,0.122,-0.25
ABC News,Thu Dec 07 14:21:02 +0000 2017,NEW: Sen. Al Franken says he will make a statement from the Senate floor at 11:45 this morning. He faces multiple c‚Ä¶ https://t.co/Yquhdapvpr,0.0,1.0,0.0,0.0
ABC News,Thu Dec 07 14:14:44 +0000 2017,Florida police officer hailed as hero for swiftly rescuing victim in Pulse nightclub shooting to be dismissed from‚Ä¶ https://t.co/NDnTXJpaoj,0.085,0.605,0.31,0.6808
ABC News,Thu Dec 07 13:55:44 +0000 2017,Drivers open fire on each other on Houston street after road rage incident; one shooter and one bystander injured.‚Ä¶ https://t.co/b0qfIzgths,0.25,0.75,0.0,-0.7184
ABC News,Thu Dec 07 13:36:21 +0000 2017,Palestinian protesters in Gaza took to the streets in sporadic protests against U.S. recognition of Jerusalem as Is‚Ä¶ https://t.co/U78efgTg4T,0.183,0.817,0.0,-0.4215
ABC News,Thu Dec 07 13:18:34 +0000 2017,Leonardo da Vinci painting of Christ that sold for a record $450 million is heading to a museum in the United Arab‚Ä¶ https://t.co/RFveOisnG3,0.0,0.877,0.123,0.4215
ABC News,Thu Dec 07 13:01:24 +0000 2017,Record-breaking 17-foot Burmese python captured in the Florida Everglades. https://t.co/kH0QSxfR5M https://t.co/BbrJWviPHS,0.0,1.0,0.0,0.0
ABC News,Thu Dec 07 12:45:19 +0000 2017,Father of suspected Tampa serial killer refuses to answer investigators' questions. https://t.co/prBpZyVDxL https://t.co/b3RgkRzwtb,0.36,0.64,0.0,-0.7351
ABC News,Thu Dec 07 12:28:05 +0000 2017,"""I don't know where to take them where it's safe"": Owners rush to save horses from Southern California wildfire.‚Ä¶ https://t.co/pji56EWejn",0.0,0.856,0.144,0.4939
ABC News,Thu Dec 07 12:00:53 +0000 2017,"NEW: Donald Trump Jr. spent about 8 hours with House Intelligence Committee on Wednesday, fielding questions mainly‚Ä¶ https://t.co/L33tetrogd",0.0,0.838,0.162,0.4767
ABC News,Thu Dec 07 11:55:06 +0000 2017,Florida mayor accused of using dead woman's handicap placard to park at City Hall. https://t.co/1Xx6tpBNIr https://t.co/fUWeshREHl,0.317,0.683,0.0,-0.7579
ABC News,Thu Dec 07 11:32:36 +0000 2017,"After a Florida fisherman accidentally hooked a huge loggerhead turtle, entangling the turtle in the fishing line,‚Ä¶ https://t.co/mXPBuLZNfL",0.128,0.749,0.123,-0.0258
ABC News,Thu Dec 07 11:11:12 +0000 2017,Republicans defend tax bill process as transparent despite similar complaints during 2009 Obamacare debate.‚Ä¶ https://t.co/w5G5lhWhVK,0.0,0.861,0.139,0.3089
ABC News,Thu Dec 07 10:55:05 +0000 2017,Southern California wildfires burn with little containment as conditions worsen: https://t.co/Ixw1hKO2mP https://t.co/SGOfajC1SO,0.231,0.769,0.0,-0.5106
ABC News,Thu Dec 07 10:47:24 +0000 2017,"Whistleblower alleges Michael Flynn texted about nuclear deal involving Russia during inauguration, saying it was ‚Äú‚Ä¶ https://t.co/zOu0Ppctip",0.0,1.0,0.0,0.0
ABC News,Thu Dec 07 10:29:03 +0000 2017,"Patagonia founder, coalition of conservationists file lawsuit against the Trump administration to protect Bears Ear‚Ä¶ https://t.co/OQy5nleMah",0.103,0.757,0.141,0.1779
ABC News,Thu Dec 07 09:57:06 +0000 2017,"Time editor-in-chief Edward Felsenthal calls the #MeToo movement the ""fastest moving social change we've seen in de‚Ä¶ https://t.co/tdfCKfTv5v",0.0,1.0,0.0,0.0
ABC News,Thu Dec 07 09:48:32 +0000 2017,"Vladimir Putin says he will seek re-election, putting him on track to become Russia's longest-serving ruler since S‚Ä¶ https://t.co/qtFWEtBX8Q",0.0,1.0,0.0,0.0
ABC News,Thu Dec 07 09:31:09 +0000 2017,Photographs taken by NASA astronauts capture view of the California wildfires as seen from the International Space‚Ä¶ https://t.co/eV8Dae92NC,0.0,1.0,0.0,0.0
ABC News,Thu Dec 07 09:13:36 +0000 2017,Prince William reveals Prince George played a sheep in his school's Nativity play. https://t.co/c0StAVYW5g https://t.co/GaSIBJl93i,0.0,0.714,0.286,0.5859
ABC News,Thu Dec 07 08:53:48 +0000 2017,Santa paid a visit to a Southern California fire shelter where dozens of residents were evacuated due to raging wil‚Ä¶ https://t.co/5mmAk5FC1o,0.254,0.746,0.0,-0.7003
ABC News,Thu Dec 07 08:33:50 +0000 2017,"Emergency crews airlift a horse that had fallen into a 300-foot ravine in San Bernardino, CA.‚Ä¶ https://t.co/fMeJEkVFj1",0.282,0.718,0.0,-0.6249
ABC News,Thu Dec 07 08:31:12 +0000 2017,John Conyers' resignation unlocks House seat he has held for more than a half-century‚Äîand sets off free-for-all rac‚Ä¶ https://t.co/CUwThPQrW0,0.115,0.885,0.0,-0.296
ABC News,Thu Dec 07 07:59:37 +0000 2017,First lady Melania Trump and second lady Karen Pence - joined by their motorcade - paid a visit to Whataburger afte‚Ä¶ https://t.co/bhWEbeKu4Z,0.0,1.0,0.0,0.0
ABC News,Thu Dec 07 07:49:08 +0000 2017,"Trump administration begins testing border wall prototypes to prevent scaling, breach attempts.‚Ä¶ https://t.co/iG51rhlBTb",0.0,0.916,0.084,0.0258
ABC News,Thu Dec 07 07:47:55 +0000 2017,WATCH: Cheers erupt from the floor of Australian Parliament as same-sex marriage is made legal across the country.‚Ä¶ https://t.co/sHfJpLjKKj,0.0,0.787,0.213,0.5574
ABC News,Thu Dec 07 07:34:09 +0000 2017,FBI Dir. Christopher Wray looks to defend the bureau against blistering attacks from Pres. Trump without putting hi‚Ä¶ https://t.co/oeWiFYkyac,0.139,0.861,0.0,-0.4404
ABC News,Thu Dec 07 07:17:22 +0000 2017,"JUST IN: Australian Parliament votes to allow same-sex marriage, following lengthy national debate.‚Ä¶ https://t.co/2Wbqr2vQMN",0.0,0.872,0.128,0.2263
ABC News,Thu Dec 07 07:14:48 +0000 2017,Jurors who will decide malicious-prosecution trial against former Sheriff Joe Arpaio told one of Sen. Jeff Flake's‚Ä¶ https://t.co/1w1p24czJC,0.0,1.0,0.0,0.0
ABC News,Thu Dec 07 07:02:03 +0000 2017,Group of House Democrats calls on Sec. Tillerson to say whether Pres. Trump's anti-Islam retweets are putting U.S.‚Ä¶ https://t.co/SFjDENDQ3f,0.0,1.0,0.0,0.0
ABC News,Thu Dec 07 06:57:36 +0000 2017,"Los Angeles fire officials say firefighters have stopped the #SkirballFire's ""forward progress,"" but ""we are dealin‚Ä¶ https://t.co/COXuCbWeCU",0.174,0.826,0.0,-0.2846
ABC News,Thu Dec 07 06:47:04 +0000 2017,"London bus driver who witnessed jogger shove a woman in front of his bus last May says, ‚ÄúMaybe he had a bad day.""‚Ä¶ https://t.co/9LGQ5V0Xi3",0.143,0.857,0.0,-0.5423
ABC News,Thu Dec 07 06:39:04 +0000 2017,"Sen. Lindsey Graham: If Roy Moore wins, he will be ""the gift that keeps on giving, in terms of Democratic politics.‚Ä¶ https://t.co/RZRINQUJbs",0.0,0.679,0.321,0.8402
ABC News,Thu Dec 07 06:28:06 +0000 2017,FEMA says hundreds of agency employees who worked overtime during this year's massive storms may be forced to pay b‚Ä¶ https://t.co/r6TMoQuiRw,0.188,0.812,0.0,-0.5267
ABC News,Thu Dec 07 06:13:05 +0000 2017,"Every day is Christmas: @BobWoodruff goes inside China's ""Christmas Village,"" where about two-thirds of the world's‚Ä¶ https://t.co/4qJEhHiBfs",0.0,1.0,0.0,0.0
ABC News,Thu Dec 07 06:02:35 +0000 2017,Witnesses say this man pulled over to save a wild rabbit from flames along Highway 1 in Southern California as the‚Ä¶ https://t.co/cwJsvDKoaM,0.0,0.856,0.144,0.4939
ABC News,Thu Dec 07 05:58:03 +0000 2017,Family's Letters to Santa mailbox spreads Christmas magic with handwritten replies to each child who drops off a le‚Ä¶ https://t.co/mYft44GxAa,0.0,1.0,0.0,0.0
ABC News,Thu Dec 07 05:43:06 +0000 2017,British national accused of encouraging extremists to target 4-year-old Prince George at school pleads not guilty t‚Ä¶ https://t.co/RFknnSN5AO,0.096,0.654,0.25,0.5472
ABC News,Thu Dec 07 05:27:04 +0000 2017,Oldest near-complete fossil of a human ancestor ever found in southern Africa unveiled to the public for the first‚Ä¶ https://t.co/XGHEA9BuCP,0.0,1.0,0.0,0.0
ABC News,Thu Dec 07 05:13:51 +0000 2017,HEARTBREAKING: Touching moment as two young brothers visit their father's grave at Arlington National Cemetery to s‚Ä¶ https://t.co/fkxiP0UNCX,0.284,0.716,0.0,-0.7456
ABC News,Thu Dec 07 04:57:26 +0000 2017,Surveillance video released from brazen daytime smash-and-grab robbery at a high-end Manhattan watch boutique. Poli‚Ä¶ https://t.co/f8dC0WTYn9,0.0,1.0,0.0,0.0
ABC News,Thu Dec 07 04:43:52 +0000 2017,Holiday warning: Decorations can quickly become serious fire hazards. Here are some tips to keep your family safe t‚Ä¶ https://t.co/vr8yaL7wgw,0.228,0.562,0.21,0.128
ABC News,Thu Dec 07 04:27:01 +0000 2017,"Amid concerns about reporting criminal activity, Air Force secretary outlines way to address ""systemic problem.""‚Ä¶ https://t.co/4qSqBLjk61",0.185,0.815,0.0,-0.5267
ABC News,Thu Dec 07 04:12:08 +0000 2017,House passes controversial measure that would allow gun owners with concealed carry permits from one state to carry‚Ä¶ https://t.co/m1wYZKEfIt,0.19,0.724,0.086,-0.3182
ABC News,Thu Dec 07 04:05:01 +0000 2017,Shocking video shows wildfire raging next to highway full of early-morning commuters in Los Angeles.‚Ä¶ https://t.co/Y9MkZAv01g,0.303,0.697,0.0,-0.7269
ABC News,Thu Dec 07 03:54:07 +0000 2017,"Women using hormonal birth control methods appear to have 20% higher risk of breast cancer, new study finds.‚Ä¶ https://t.co/6OtVVFUM0Z",0.277,0.723,0.0,-0.7579
ABC News,Thu Dec 07 03:49:20 +0000 2017,"Israeli PM Netanyahu in response to Pres. Trump recognizing Jerusalem as Israel's capital: ""This is a historic day.‚Ä¶ https://t.co/U1YjrswYbx",0.0,1.0,0.0,0.0
ABC News,Thu Dec 07 03:48:06 +0000 2017,"Pres. Trump: ""I have determined that it is time to officially recognize Jerusalem as the capital of Israel.""‚Ä¶ https://t.co/TVd6hEyM9J",0.0,0.882,0.118,0.34
ABC News,Thu Dec 07 03:37:03 +0000 2017,"Major Santa Ana event with wind gusts up to 80 mph, paired with low relative humidity, is to blame for the fire eme‚Ä¶ https://t.co/B5UkM2CdHP",0.247,0.753,0.0,-0.7096
ABC News,Thu Dec 07 03:26:02 +0000 2017,"U.S. homeless population increased for first time since 2010, driven by surge in number of people living on the str‚Ä¶ https://t.co/o6Viz8xZGw",0.0,0.848,0.152,0.34
ABC News,Thu Dec 07 03:11:11 +0000 2017,Lionel Richie cancels Las Vegas show to help his family evacuate fast-moving California fires.‚Ä¶ https://t.co/5xNMdh322B,0.108,0.739,0.153,0.2023
ABC News,Thu Dec 07 03:07:43 +0000 2017,Dramatic video shows NJ mall security guard being dragged by van as group of alleged shoplifters fled the scene. Th‚Ä¶ https://t.co/iZZgngYG7J,0.053,0.841,0.106,0.296
ABC News,Thu Dec 07 02:48:42 +0000 2017,"Jimmy Kimmel's wife: ""I want to be the one to tell Billy what his dad did for him."" https://t.co/NwXqtSTj96 https://t.co/xilPMQzEpo",0.0,0.936,0.064,0.0772
ABC News,Thu Dec 07 02:34:02 +0000 2017,Sec. Tillerson faces stern pushback from some of his European counterparts over controversial changes to U.S. polic‚Ä¶ https://t.co/KBZ2f52N6z,0.096,0.904,0.0,-0.2023
ABC News,Thu Dec 07 02:27:02 +0000 2017,Palestinian protesters in Gaza took to the streets in sporadic protests against U.S. recognition of Jerusalem as Is‚Ä¶ https://t.co/eTx9Mk0gCH,0.183,0.817,0.0,-0.4215
ABC News,Thu Dec 07 02:16:37 +0000 2017,High school senior classes raises $700 and surprises teacher who lost his dog with a new puppy.‚Ä¶ https://t.co/Wr4sSR4x1T,0.12,0.781,0.099,-0.1027
ABC News,Thu Dec 07 02:03:04 +0000 2017,WATCH: Video shot from inside vehicle on 405 Freeway in Los Angeles captures intense flames rolling down hillside.‚Ä¶ https://t.co/GBfvcqMsnx,0.0,0.872,0.128,0.128
ABC News,Thu Dec 07 01:56:03 +0000 2017,Putin says Russian authorities will not stop the country's athletes from competing under a neutral flag at the 2018‚Ä¶ https://t.co/mJocl9PbuN,0.0,0.905,0.095,0.2235
ABC News,Thu Dec 07 01:42:05 +0000 2017,North Carolina county will not make ransom payment to cyber criminals who attacked public services and demanded two‚Ä¶ https://t.co/AwCde9s1PR,0.35,0.65,0.0,-0.8225
ABC News,Thu Dec 07 01:28:05 +0000 2017,Father of suspected Tampa serial killer refuses to answer investigators' questions. https://t.co/bMe0612KBK https://t.co/eIomQYb8jV,0.36,0.64,0.0,-0.7351
ABC News,Thu Dec 07 01:16:03 +0000 2017,"Actor Terry Crews speaks on his fight against sexual harassment: ""This gives my life meaning.""‚Ä¶ https://t.co/hHMYCFPeja",0.303,0.697,0.0,-0.7269
ABC News,Thu Dec 07 01:02:57 +0000 2017,Two New York City toddlers ingested drugs and were revived with Narcan in unrelated instances that occurred hours a‚Ä¶ https://t.co/7V6IOsiIMt,0.0,1.0,0.0,0.0
ABC News,Thu Dec 07 00:49:41 +0000 2017,Police in Florida searching for suspect caught on surveillance video stealing a loaded AR-15 assault rifle from the‚Ä¶ https://t.co/qvuZcugmwy,0.393,0.607,0.0,-0.8658
ABC News,Thu Dec 07 00:38:48 +0000 2017,UC Davis students create 3D-printed mask for a 4-month-old puppy with a fractured skull and jaw.‚Ä¶ https://t.co/gbjfk29umk,0.0,0.87,0.13,0.2732
ABC News,Thu Dec 07 00:31:29 +0000 2017,"NEW: At least 265 Los Angeles Unified schools will be closed Thursday and Friday due to #SkirballFire, officials sa‚Ä¶ https://t.co/DPrHnBdcey",0.0,0.88,0.12,0.3818
ABC News,Thu Dec 07 00:23:07 +0000 2017,Patagonia founder says he will sue the Trump administration to protect Bears Ears National Monument's status.‚Ä¶ https://t.co/p7rVnzX4IN,0.0,0.86,0.14,0.3818
ABC News,Thu Dec 07 00:08:24 +0000 2017,Photographs taken by NASA astronauts capture view of the California wildfires as seen from the International Space‚Ä¶ https://t.co/gn3M5FAGnZ,0.0,1.0,0.0,0.0
ABC News,Wed Dec 06 23:57:07 +0000 2017,Animal activists in Indonesia helping to evacuate cats and dogs from deserted area around Bali's Mount Agung volcan‚Ä¶ https://t.co/IjZq382Mwp,0.0,0.891,0.109,0.296
ABC News,Wed Dec 06 23:42:06 +0000 2017,"ANALYSIS: Pres. Trump has called Middle East peace the ‚Äúultimate deal""‚Äîbut it‚Äôs hard to see his Jerusalem announcem‚Ä¶ https://t.co/KXIy79f7DN",0.064,0.776,0.16,0.4767
ABC News,Wed Dec 06 23:38:00 +0000 2017,"Video taken from helicopter flying over Los Angeles captures the #SkirballFire, which has destroyed at least 4 home‚Ä¶ https://t.co/a7wdArTZ2B",0.158,0.842,0.0,-0.4939
ABC News,Wed Dec 06 23:31:05 +0000 2017,"Pres. Trump spoke last night with Mitt Romney, top White House aide says; the conversation occurred on the same eve‚Ä¶ https://t.co/jHb8Yoszfw",0.0,0.917,0.083,0.2023
ABC News,Wed Dec 06 23:18:07 +0000 2017,"""I don't know where to take them where it's safe"": Owners rush to save horses from Southern California wildfire.‚Ä¶ https://t.co/DCi1DEzzru",0.0,0.856,0.144,0.4939
ABC News,Wed Dec 06 23:10:42 +0000 2017,"LATEST: Sen. Franken's office denies reports that he has made a final decision to resign his seat, but multiple Dem‚Ä¶ https://t.co/JVHCTVXism",0.167,0.833,0.0,-0.3818
ABC News,Wed Dec 06 23:07:34 +0000 2017,Multiple women have publicly detailed alleged incidents in which Sen. Al Franken groped or tried to kiss them.‚Ä¶ https://t.co/6r5IhRXhIx,0.0,0.865,0.135,0.4215
ABC News,Wed Dec 06 22:55:20 +0000 2017,Florida police officer hailed as hero for swiftly rescuing victim in Pulse nightclub shooting to be dismissed from‚Ä¶ https://t.co/JiXuZGfkTJ,0.085,0.605,0.31,0.6808
ABC News,Wed Dec 06 22:38:18 +0000 2017,"After a Florida fisherman accidentally hooked a huge loggerhead turtle, entangling the turtle in the fishing line,‚Ä¶ https://t.co/V2lePP8QqC",0.128,0.749,0.123,-0.0258
ABC News,Wed Dec 06 22:09:46 +0000 2017,"College student raises $220,000 for St. Jude Children's Hospital after pledge on Twitter goes viral.‚Ä¶ https://t.co/hfuahUSgxi",0.0,1.0,0.0,0.0
ABC News,Wed Dec 06 22:07:42 +0000 2017,"JUST IN: Senate Minority Leader Chuck Schumer calls on Sen. Al Franken to ""step down immediately.""‚Ä¶ https://t.co/Lpvwon9AfW",0.0,1.0,0.0,0.0
ABC News,Wed Dec 06 21:48:45 +0000 2017,NEW: House approves GOP bill making it easier for gun owners to carry concealed weapons across state lines. https://t.co/10SW5kIHxq,0.205,0.581,0.213,0.0516
CNN,Thu Dec 07 18:02:48 +0000 2017,"What Roy Moore‚Äôs spokeswoman could not answer in her CNN interview:

-Whether he thinks Muslims should not be allow‚Ä¶ https://t.co/WJmyf3PB90",0.0,1.0,0.0,0.0
CNN,Thu Dec 07 17:50:21 +0000 2017,"17 million infants around the world are breathing toxic air that can severely affect brain development, a new UNICE‚Ä¶ https://t.co/oOo10HJ1H1",0.143,0.857,0.0,-0.4588
CNN,Thu Dec 07 17:49:57 +0000 2017,"""Libya is a terrible place. They kill people anyhow. They sell people anyhow."" Nigerians return home with a warning‚Ä¶ https://t.co/Hr1FnuPd4P",0.328,0.672,0.0,-0.8316
CNN,Thu Dec 07 17:39:25 +0000 2017,House Speaker Paul Ryan on sexual harassment: ‚ÄúWe also need a real culture change‚Ä¶ this really is a watershed momen‚Ä¶ https://t.co/F3mnkc1Eq0,0.163,0.837,0.0,-0.5423
CNN,Thu Dec 07 17:32:18 +0000 2017,The gold rush for black market fish bladders has pushed this tiny porpoise toward extinction #vaquita‚Ä¶ https://t.co/SUTTwz7JIr,0.0,1.0,0.0,0.0
CNN,Thu Dec 07 17:15:25 +0000 2017,"With Al Franken's resignation, the Senate landscape shifts again | Analysis by @CillizzaCNN and @ericbradner‚Ä¶ https://t.co/GA1V5MXJmV",0.136,0.864,0.0,-0.296
CNN,Thu Dec 07 17:04:28 +0000 2017,Sen. Al Franken: ‚ÄúI of all people am aware that there is some irony in the fact that I am leaving while a man who h‚Ä¶ https://t.co/4PUbDkePPH,0.048,0.952,0.0,-0.0516
CNN,Thu Dec 07 16:57:44 +0000 2017,Sen. Al Franken: ‚ÄúToday I am announcing that in the coming weeks I will be resigning as a member of the United Stat‚Ä¶ https://t.co/z9Gp4rtocM,0.08,0.802,0.118,0.2263
CNN,Thu Dec 07 16:51:21 +0000 2017,"Sen. Al Franken is delivering a speech on the Senate floor, a day after more than two dozen of his colleagues calle‚Ä¶ https://t.co/zJoo1iGQSt",0.0,1.0,0.0,0.0
CNN,Thu Dec 07 16:51:04 +0000 2017,The European Union has blacklisted 17 countries and territories as part of a crackdown on tax havens‚Ä¶ https://t.co/ii3E7Js4Cn,0.0,1.0,0.0,0.0
CNN,Thu Dec 07 16:50:05 +0000 2017,"RT @CNNnewsroom: Democratic Rep. Cheri Bustos says she wants to hear ""accountability"" in Al Franken's upcoming speech, says Congress ""shoul‚Ä¶",0.0,1.0,0.0,0.0
CNN,Thu Dec 07 16:43:16 +0000 2017,"RT @CNNnewsroom: Democratic Rep. Cheri Bustos on Al Franken: ""I think what this shows us is that you can have very accomplished men who hav‚Ä¶",0.0,0.883,0.117,0.4927
CNN,Thu Dec 07 16:35:53 +0000 2017,"BREAKING: Democratic Sen. Al Franken is resigning following allegations that he touched women inappropriately, sour‚Ä¶ https://t.co/vJ3KIkBTzh",0.112,0.888,0.0,-0.2263
CNN,Thu Dec 07 16:28:23 +0000 2017,The strange and fascinating stories behind your favorite Christmas songs https://t.co/Eic9torTFk https://t.co/VHCumxY4QP,0.104,0.52,0.376,0.6908
CNN,Thu Dec 07 16:11:59 +0000 2017,"Did President Trump slur his words at the end of his Jerusalem speech?

CNN's @drsanjaygupta: ‚ÄúThere is clearly som‚Ä¶ https://t.co/YiGt91cXrv",0.0,0.876,0.124,0.4019
CNN,Thu Dec 07 16:01:16 +0000 2017,"Leonardo da Vinci's ""Salvator Mundi,"" the world's most expensive painting, is headed to the Louvre Abu Dhabi‚Ä¶ https://t.co/GmutKwVmSw",0.0,1.0,0.0,0.0
CNN,Thu Dec 07 15:54:58 +0000 2017,"RT @CNNnewsroom: ""The FBI that I see is tens of thousands of agents, analysts, and staff working their tails off to keep Americans safe,"" s‚Ä¶",0.0,1.0,0.0,0.0
CNN,Thu Dec 07 15:46:05 +0000 2017,"The food stamp program already requires childless adults to work, but the Trump administration is pushing to requir‚Ä¶ https://t.co/L09sSDZbcP",0.0,1.0,0.0,0.0
CNN,Thu Dec 07 15:35:31 +0000 2017,Can Elon Musk make subway tunnels cool again? https://t.co/JGT7ow9xSi https://t.co/XLDRdXtTOG,0.0,0.796,0.204,0.3182
CNN,Thu Dec 07 15:30:04 +0000 2017,"Corey Lewandowski: Yes, I steamed Trump's pants while he was still wearing them https://t.co/zOJKBxij4C https://t.co/bE1odu89KX",0.0,0.828,0.172,0.4019
CNN,Thu Dec 07 15:25:54 +0000 2017,A gay man who was twice denied a marriage license by Kim Davis is now running against her for a county clerk positi‚Ä¶ https://t.co/B6anBXRkNt,0.127,0.873,0.0,-0.4404
CNN,Thu Dec 07 15:15:58 +0000 2017,Russia ban adds to South Korea's Winter Olympics woes https://t.co/vVShp0Fy0S https://t.co/gQXl8JVTNG,0.419,0.581,0.0,-0.7579
CNN,Thu Dec 07 15:10:10 +0000 2017,"Protests break out in Jerusalem, Ramallah and Bethlehem following President Trump's decision to recognize Jerusalem‚Ä¶ https://t.co/7I9CPwDtOE",0.112,0.888,0.0,-0.2263
CNN,Thu Dec 07 15:01:35 +0000 2017,Firefighters are working around the clock to battle fast-moving wildfires in Southern California as fears grow that‚Ä¶ https://t.co/NU42cq6ywE,0.252,0.748,0.0,-0.6597
CNN,Thu Dec 07 14:52:25 +0000 2017,"For Palestinians, President Trump's Jerusalem move is the end of the peace process | Analysis by @TimListerCNN‚Ä¶ https://t.co/lv7w67tVWD",0.0,0.821,0.179,0.5423
CNN,Thu Dec 07 14:46:14 +0000 2017,Cheers and applause broke out as Australian lawmakers voted in favor of the same-sex marriage bill‚Ä¶ https://t.co/spSowqnXcH,0.115,0.533,0.352,0.7003
CNN,Thu Dec 07 14:34:31 +0000 2017,This is what California‚Äôs wildfires look like 438 miles above Earth https://t.co/JFQSDU9TK5 https://t.co/qIXqE8LUcZ,0.0,0.828,0.172,0.3612
CNN,Thu Dec 07 14:25:07 +0000 2017,"Sen. Al Franken is set to make a statement today about his future in office, following multiple allegations he touc‚Ä¶ https://t.co/dSFF26X2sB",0.0,1.0,0.0,0.0
CNN,Thu Dec 07 14:14:06 +0000 2017,Not everyone is happy about this new 'Happiness Minister' in Nigeria https://t.co/fXWajjJynV https://t.co/bW9lxeVYMD,0.0,0.601,0.399,0.8074
CNN,Thu Dec 07 14:03:02 +0000 2017,"Hackers have carried out a heist on a leading digital currency platform, making off with an unspecific amount of bi‚Ä¶ https://t.co/qTf3aeIeLI",0.0,1.0,0.0,0.0
CNN,Thu Dec 07 13:56:12 +0000 2017,The Trump administration and State Department continue to grapple with vacancies across its senior ranks. Dozens of‚Ä¶ https://t.co/Q6Fk80LxUZ,0.0,1.0,0.0,0.0
CNN,Thu Dec 07 13:46:06 +0000 2017,"Donald Trump has made the ""biggest mistake of his life."" A top Palestinian official condemns the US President‚Äôs dec‚Ä¶ https://t.co/rOaajiXvxK",0.243,0.681,0.077,-0.5994
CNN,Thu Dec 07 13:37:56 +0000 2017,Six women have filed a class action lawsuit against Harvey Weinstein and his company for what they allege is organi‚Ä¶ https://t.co/rA2h4ndod0,0.091,0.909,0.0,-0.2263
CNN,Thu Dec 07 13:29:32 +0000 2017,YouTube's top viral video in 2017 was a singing man in an oyster costume. And who could forget the time this profes‚Ä¶ https://t.co/NZRyewG0x8,0.08,0.844,0.076,-0.0258
CNN,Thu Dec 07 13:21:12 +0000 2017,This man braved the California wildfires to save a rabbit from the flames https://t.co/MylTf4iN0P https://t.co/QxavQ1qqiu,0.0,0.663,0.337,0.7269
CNN,Thu Dec 07 13:07:03 +0000 2017,"5 things for Thursday:

- California wildfires
- Russia investigation
- Jerusalem
- Same-sex marriage
- Entitlement‚Ä¶ https://t.co/rvRBcaeQEj",0.0,1.0,0.0,0.0
CNN,Thu Dec 07 12:59:58 +0000 2017,Is hostile architecture designing people out of cities? https://t.co/FHo0q9ssQq https://t.co/Tm9zz6LR2c,0.224,0.776,0.0,-0.3818
CNN,Thu Dec 07 12:51:51 +0000 2017,How does bitcoin work and what's behind its spectacular rise? https://t.co/OOsGdXsV5e https://t.co/3T6JBltc5h,0.0,1.0,0.0,0.0
CNN,Thu Dec 07 12:44:01 +0000 2017,"Another day, another bitcoin record. The digital currency has shot above the $14,000 mark for the first time‚Ä¶ https://t.co/k9rMa5MVyZ",0.0,1.0,0.0,0.0
CNN,Thu Dec 07 12:43:31 +0000 2017,"A man burns an American flag as protests break out in Ramallah, West Bank, over President Trump‚Äôs announcement to r‚Ä¶ https://t.co/3yo9vtoP2I",0.091,0.909,0.0,-0.2263
CNN,Thu Dec 07 12:37:22 +0000 2017,"For three days, tens of thousands of Californians have been forced from their homes as wildfires continue to burn i‚Ä¶ https://t.co/cbX4VOsJ2V",0.13,0.87,0.0,-0.4588
CNN,Thu Dec 07 12:33:08 +0000 2017,Driver captures dramatic footage showing just how close the massive wildfire in California got to a major freeway i‚Ä¶ https://t.co/VoB7tCXPu7,0.0,0.938,0.062,0.0516
CNN,Thu Dec 07 12:25:04 +0000 2017,"General Electric is cutting 12,000 jobs as its new CEO tries to turn the troubled company around‚Ä¶ https://t.co/ceVuDPMKEM",0.22,0.78,0.0,-0.5423
CNN,Thu Dec 07 12:24:51 +0000 2017,"CNN‚Äôs @ianjameslee is on the ground in Ramallah, West Bank, as protests break out over President Trump‚Äôs Jerusalem‚Ä¶ https://t.co/jwsQSzBUzj",0.095,0.905,0.0,-0.2263
CNN,Thu Dec 07 12:15:06 +0000 2017,"What Roy Moore‚Äôs spokeswoman could not answer in her CNN interview:

-Whether he thinks Muslims should not be allow‚Ä¶ https://t.co/0Cnq8z5NT6",0.0,1.0,0.0,0.0
CNN,Thu Dec 07 12:08:33 +0000 2017,A Pennsylvania lawmaker is under fire after insinuating that a fellow state representative was gay for touching his‚Ä¶ https://t.co/oZIPPPk5Fa,0.13,0.87,0.0,-0.34
CNN,Thu Dec 07 12:03:28 +0000 2017,"The stuff that we‚Äôre doing here is the stuff that should be given to everyone,‚Äù but it‚Äôs not. CNN Hero Khali Sweene‚Ä¶ https://t.co/pUynIQDYpv",0.15,0.85,0.0,-0.5975
CNN,Thu Dec 07 11:51:13 +0000 2017,"Protests erupted outside the American Consulate in Istanbul, Turkey following US President Donald Trump's decision‚Ä¶ https://t.co/BmHdw3xOoY",0.112,0.888,0.0,-0.2263
CNN,Thu Dec 07 11:37:00 +0000 2017,"Bankrupt Toys ""R"" Us wins approval to pay $16 million in executive bonuses if the company hits financial targets fo‚Ä¶ https://t.co/PaSf9f1lWB",0.159,0.51,0.331,0.7506
CNN,Thu Dec 07 11:23:32 +0000 2017,"Why evangelicals are ""ecstatic"" about President Trump's announcement that the United States now recognizes Jerusale‚Ä¶ https://t.co/T1SloWk0cP",0.0,0.843,0.157,0.4215
CNN,Thu Dec 07 11:09:10 +0000 2017,This California utility has lost more than $3.3 billion in market value since fires began Monday night‚Ä¶ https://t.co/NRyVu5GVpK,0.111,0.773,0.116,0.0258
CNN,Thu Dec 07 10:23:18 +0000 2017,"We all tend to change our voices when talking to babies, but those changes can also vary across cultures. Here's ho‚Ä¶ https://t.co/8BTvnpzYfH",0.0,1.0,0.0,0.0
CNN,Thu Dec 07 10:16:50 +0000 2017,Firefighters are working around the clock to battle fast-moving wildfires in Southern California as fears grow that‚Ä¶ https://t.co/fabYNh9c9J,0.252,0.748,0.0,-0.6597
CNN,Thu Dec 07 10:03:52 +0000 2017,The strange and fascinating stories behind your favorite Christmas songs https://t.co/tiqjPF8Ejj https://t.co/UQlCkpDhym,0.104,0.52,0.376,0.6908
CNN,Thu Dec 07 09:53:56 +0000 2017,"In a win for Google, a California judge has rejected a class action claim against the company for alleged gender in‚Ä¶ https://t.co/RE7v3mo3Iw",0.137,0.705,0.158,0.128
CNN,Thu Dec 07 09:47:27 +0000 2017,How does bitcoin work and what's behind its spectacular rise? https://t.co/iGamNxhGvc https://t.co/4coqAzoDJ7,0.0,1.0,0.0,0.0
CNN,Thu Dec 07 09:41:05 +0000 2017,"A new survey shows that 42% of parents would consider sending their kids abroad for college, up from 35% in 2016‚Ä¶ https://t.co/eRgB32f2jJ",0.0,1.0,0.0,0.0
CNN,Thu Dec 07 09:34:26 +0000 2017,"For Palestinians, President Trump's Jerusalem move is the end of the peace process | Analysis by @TimListerCNN‚Ä¶ https://t.co/ZTum6zeRkk",0.0,0.821,0.179,0.5423
CNN,Thu Dec 07 09:21:36 +0000 2017,'The Silence Breakers' are Time's Person of the Year https://t.co/cFPGswrgSL https://t.co/p3GRq6A5zh,0.0,1.0,0.0,0.0
CNN,Thu Dec 07 09:15:35 +0000 2017,"Donald Trump has made the ""biggest mistake of his life."" A top Palestinian official condemns the US President‚Äôs dec‚Ä¶ https://t.co/rBcvoxwviV",0.243,0.681,0.077,-0.5994
CNN,Thu Dec 07 09:01:08 +0000 2017,Does your workout take you by traffic-laden roads? Walking along polluted streets may reduce health benefits for ol‚Ä¶ https://t.co/z6JDbLs3pp,0.133,0.752,0.115,-0.1027
CNN,Thu Dec 07 08:52:05 +0000 2017,This California utility has lost more than $3.3 billion in market value since fires began Monday night‚Ä¶ https://t.co/Pg2diuDOpn,0.111,0.773,0.116,0.0258
CNN,Thu Dec 07 08:43:17 +0000 2017,"It's an ""open question"" if US athletes can attend the 2018 Winter Olympics in South Korea, US Ambassador to the UN‚Ä¶ https://t.co/Pd6wBDBfyE",0.0,1.0,0.0,0.0
CNN,Thu Dec 07 08:37:12 +0000 2017,"Omar Delgado, one of the first officers on the scene of the Pulse nightclub attack in Orlando, has been told that h‚Ä¶ https://t.co/tArzJKTisV",0.124,0.876,0.0,-0.4767
CNN,Thu Dec 07 08:31:06 +0000 2017,"The J. Paul Getty Center's extensive art collection will stay put even as wildfires blaze not far from it, a museum‚Ä¶ https://t.co/jqX8ecVvRs",0.0,1.0,0.0,0.0
CNN,Thu Dec 07 08:21:27 +0000 2017,"Hackers have carried out a heist on a leading digital currency platform, making off with an unspecific amount of bi‚Ä¶ https://t.co/YHgAWpNTMs",0.0,1.0,0.0,0.0
CNN,Thu Dec 07 08:16:05 +0000 2017,A Pennsylvania lawmaker is under fire after insinuating that a fellow state representative was gay for touching his‚Ä¶ https://t.co/lkDrA1D0Hv,0.13,0.87,0.0,-0.34
CNN,Thu Dec 07 08:07:50 +0000 2017,Cheers and applause broke out as Australian lawmakers voted in favor of the same-sex marriage bill‚Ä¶ https://t.co/jOJDGPjXby,0.115,0.533,0.352,0.7003
CNN,Thu Dec 07 08:01:07 +0000 2017,Can Elon Musk make subway tunnels cool again? https://t.co/YK1t45zm2n https://t.co/it8TniCQIF,0.0,0.796,0.204,0.3182
CNN,Thu Dec 07 07:46:03 +0000 2017,Six women have filed a class action lawsuit against Harvey Weinstein and his company for what they allege is organi‚Ä¶ https://t.co/nAqMjJlsJT,0.091,0.909,0.0,-0.2263
CNN,Thu Dec 07 07:37:08 +0000 2017,YouTube's top viral video in 2017 was a singing man in an oyster costume. And who could forget the time this profes‚Ä¶ https://t.co/WIX61PrnJh,0.08,0.844,0.076,-0.0258
CNN,Thu Dec 07 07:31:08 +0000 2017,Here's why Taylor Swift is on Time magazine's Person of the Year cover https://t.co/XMBSU8t0Iw https://t.co/Zb568e8P2e,0.0,0.886,0.114,0.2023
CNN,Thu Dec 07 07:30:03 +0000 2017,"""For Donald Trump, being a president who delivers is especially crucial, since it's one of the golden keys to his s‚Ä¶ https://t.co/UCb1KwjjjH",0.0,1.0,0.0,0.0
CNN,Thu Dec 07 07:25:07 +0000 2017,"Give Dreamers the chance my grandfather had, writes Los Angeles Mayor Eric Garcetti via @CNNOpinion‚Ä¶ https://t.co/hFaKyNoqSv",0.0,0.882,0.118,0.25
CNN,Thu Dec 07 07:16:03 +0000 2017,A gay man who was twice denied a marriage license by Kim Davis is now running against her for a county clerk positi‚Ä¶ https://t.co/pjiUkmpen7,0.127,0.873,0.0,-0.4404
CNN,Thu Dec 07 07:05:40 +0000 2017,JUST IN: Australia legalizes same-sex marriage after years of debate and a divisive public survey‚Ä¶ https://t.co/oQ7dKaw2BZ,0.0,1.0,0.0,0.0
CNN,Thu Dec 07 07:01:07 +0000 2017,Singapore Airlines changed a flight route between Asia and the US earlier this year because of fears over North Kor‚Ä¶ https://t.co/WogRUFoxGw,0.128,0.872,0.0,-0.4215
CNN,Thu Dec 07 06:53:33 +0000 2017,"Why evangelicals are ""ecstatic"" about President Trump's announcement that the United States now recognizes Jerusale‚Ä¶ https://t.co/HX7GyLeWJO",0.0,0.843,0.157,0.4215
CNN,Thu Dec 07 06:46:04 +0000 2017,"Bankrupt Toys ""R"" Us wins approval to pay $16 million in executive bonuses if the company hits financial targets fo‚Ä¶ https://t.co/1umMbcCpr2",0.159,0.51,0.331,0.7506
CNN,Thu Dec 07 06:37:45 +0000 2017,"Leonardo da Vinci's ""Salvator Mundi,"" the world's most expensive painting, is headed to the Louvre Abu Dhabi‚Ä¶ https://t.co/hE8X3iCGEb",0.0,1.0,0.0,0.0
CNN,Thu Dec 07 06:31:03 +0000 2017,This is what California‚Äôs wildfires look like 438 miles above Earth https://t.co/arXgbGJhy4 https://t.co/d4B7xhxNcq,0.0,0.828,0.172,0.3612
CNN,Thu Dec 07 06:25:07 +0000 2017,A spokeswoman for Roy Moore's Senate campaign compared the claims that women have made against the Alabama Republic‚Ä¶ https://t.co/elrQv6NU2Y,0.0,1.0,0.0,0.0
CNN,Thu Dec 07 06:19:58 +0000 2017,"Protests erupted outside the American Consulate in Istanbul, Turkey following US President Donald Trump's decision‚Ä¶ https://t.co/EgoTGzPPgo",0.112,0.888,0.0,-0.2263
CNN,Thu Dec 07 06:16:03 +0000 2017,"In 1999, Jeff Sessions -- then a senator from Alabama -- said it was possible that then-President Bill Clinton had‚Ä¶ https://t.co/ULamC9ypWb",0.0,1.0,0.0,0.0
CNN,Thu Dec 07 06:09:22 +0000 2017,How does bitcoin work and what's behind its spectacular rise? https://t.co/R91Y2yhmA7 https://t.co/dHP6HHVKXa,0.0,1.0,0.0,0.0
CNN,Thu Dec 07 06:01:05 +0000 2017,Russia ban adds to South Korea's Winter Olympics woes https://t.co/J6sS7wNOQk https://t.co/OTdEU4EX87,0.419,0.581,0.0,-0.7579
CNN,Thu Dec 07 05:53:34 +0000 2017,"The FBI is investigating two brothers as ""persons of interest"" in a possible attack two weeks ago that left one Bor‚Ä¶ https://t.co/mwkYgUNWL7",0.124,0.757,0.12,-0.0258
CNN,Thu Dec 07 05:46:04 +0000 2017,"The arrests of 8 Baltimore police officers on racketeering charges earlier this year may affect more than 2,000 cri‚Ä¶ https://t.co/REqhEVRMoc",0.227,0.773,0.0,-0.6124
CNN,Thu Dec 07 05:31:06 +0000 2017,"US skier Lindsey Vonn: ""I hope to represent the people of the United States, not the president"" at the Winter Olymp‚Ä¶ https://t.co/RZKXU8c9mY",0.0,0.778,0.222,0.6908
CNN,Thu Dec 07 05:21:12 +0000 2017,Is hostile architecture designing people out of cities https://t.co/cRbfM0WNNu https://t.co/rFJzC4Z0rG,0.224,0.776,0.0,-0.3818
CNN,Thu Dec 07 05:16:05 +0000 2017,The Trump administration is proposing a rule change that could force some workers to share their tips‚Ä¶ https://t.co/0VTGlCOTM2,0.0,0.879,0.121,0.296
CNN,Thu Dec 07 05:02:39 +0000 2017,Driver captures dramatic footage showing just how close the massive wildfire in California got to a major freeway i‚Ä¶ https://t.co/TSxqMuSfPN,0.0,0.938,0.062,0.0516
CNN,Thu Dec 07 04:46:07 +0000 2017,"How a joke, and Mike Cernovich, got Sam Seder booted from MSNBC https://t.co/mrR2XgX0Gt https://t.co/SMTIruaEa8",0.0,0.845,0.155,0.296
CNN,Thu Dec 07 04:31:05 +0000 2017,"Most US airlines are set to limit the use of ""smart luggage"" over concerns about batteries inside -- which can't be‚Ä¶ https://t.co/IKvl8t3UUF",0.0,0.886,0.114,0.4019
CNN,Thu Dec 07 04:21:03 +0000 2017,"Another day, another bitcoin record. The digital currency has shot above the $14,000 mark for the first time‚Ä¶ https://t.co/MsTDOQnQMb",0.0,1.0,0.0,0.0
CNN,Thu Dec 07 04:07:04 +0000 2017,"The House GOP caucus plans to work on entitlement reform next year as a way to ""tackle the debt and the deficit,"" a‚Ä¶ https://t.co/0AZU6TDl34",0.102,0.898,0.0,-0.3612
CNN,Thu Dec 07 04:01:04 +0000 2017,"""Libya is a terrible place. They kill people anyhow. They sell people anyhow."" Nigerians return home with a warning‚Ä¶ https://t.co/q0oLzUub3M",0.328,0.672,0.0,-0.8316
CNN,Thu Dec 07 03:50:07 +0000 2017,YouTube's top viral video in 2017 was a singing man in an oyster costume. And who could forget the time this profes‚Ä¶ https://t.co/j44BlrkMwh,0.08,0.844,0.076,-0.0258
CNN,Thu Dec 07 03:45:41 +0000 2017,"Omar Delgado, one of the first officers on the scene of the Pulse nightclub attack in Orlando, has been told that h‚Ä¶ https://t.co/xaSZXkzY2Q",0.124,0.876,0.0,-0.4767
CNN,Thu Dec 07 03:41:04 +0000 2017,The Trump administration will call on Saudi Arabia to end its blockade of Yemeni ports in order to allow critically‚Ä¶ https://t.co/eIFsw2Sa4u,0.0,0.913,0.087,0.2263
RT,Thu Dec 07 17:57:54 +0000 2017,RT @RT_America: 'In the coming weeks I will be resigning as a member of the United States Senate' - Al Franken https://t.co/QoXKdsTvxu,0.088,0.783,0.129,0.2263
RT,Thu Dec 07 17:53:24 +0000 2017,"LIVE: Protest near US embassy in Istanbul against Trump's 'Jerusalem move'
https://t.co/xtaDbyovyJ",0.154,0.846,0.0,-0.25
RT,Thu Dec 07 17:47:00 +0000 2017,Russia charges former Ukraine defense minister with public calls for terrorism https://t.co/NRd6S9wWlU https://t.co/H5QAfPuPvf,0.368,0.549,0.082,-0.7351
RT,Thu Dec 07 17:37:52 +0000 2017,"POLL: #Trump‚Äôs #Jerusalem move
1. Will trigger new intifada, Israeli war on Palestine
2. Simply recognizes that the‚Ä¶ https://t.co/CDEqIJGffy",0.178,0.822,0.0,-0.5994
RT,Thu Dec 07 17:37:50 +0000 2017,RT @RT_America: UPDATE: 3 confirmed dead after #AztecHighSchool shooting https://t.co/Y1UiLFe4Qe,0.35,0.65,0.0,-0.6486
RT,Thu Dec 07 17:36:08 +0000 2017,"RT @RT_America: Republicans fight #Mueller ‚ÄòRussiagate' probe, say FBI gave Clinton free pass https://t.co/7ZAqMuow0v https://t.co/P0lQpK4q‚Ä¶",0.138,0.688,0.175,0.1779
RT,Thu Dec 07 17:23:00 +0000 2017,The only way is down: Man has reached his physical peak - study https://t.co/TDLe1utnkV https://t.co/bYhCu2sBSW,0.0,0.903,0.097,0.1027
RT,Thu Dec 07 17:11:00 +0000 2017,"'National scandal': Around 130,000 children will wake up homeless this Christmas https://t.co/VSzHbZESGl",0.0,1.0,0.0,0.0
RT,Thu Dec 07 17:04:23 +0000 2017,RT @RT_Digital: Violence broke out in Bethlehem following Donald Trump‚Äôs announcement that the US now recognizes Jerusalem as Israel's capi‚Ä¶,0.277,0.723,0.0,-0.7845
RT,Thu Dec 07 17:00:04 +0000 2017,With this headband you'll be performing an inception on yourself every night! https://t.co/fipGKJIwxN,0.0,1.0,0.0,0.0
RT,Thu Dec 07 16:56:56 +0000 2017,UPDATE: At least two missiles launched from the Gaza Strip 'towards the State of Israel' but did not reach it - IDF‚Ä¶ https://t.co/i6wmfxEAtN,0.05,0.894,0.056,0.0359
RT,Thu Dec 07 16:55:35 +0000 2017,URGENT: #Hezbollah‚Äôs Nasrallah backs call for new Palestinian #intifada https://t.co/zoqxcx2aIB https://t.co/JqptisKOlq,0.094,0.707,0.199,0.3254
RT,Thu Dec 07 16:50:55 +0000 2017,RT @RTUKnews: Here we go again: @BorisJohnson wants Britain back in the Middle East to fight terrorism https://t.co/AsdGnJYQDT,0.31,0.69,0.0,-0.802
RT,Thu Dec 07 16:33:38 +0000 2017,"BREAKING: Siren app says rockets fired into #Israel near #Gaza strip, IDF says red alert enabled in Hof Ashkelon‚Ä¶ https://t.co/Fkac5qXx80",0.151,0.756,0.092,-0.34
RT,Thu Dec 07 16:23:01 +0000 2017,'He is deliberately setting fire to the theater': Shadow Foreign Secretary on Trump's 'Jerusalem move'‚Ä¶ https://t.co/ZuNoLxLDzR,0.138,0.862,0.0,-0.34
RT,Thu Dec 07 16:20:40 +0000 2017,"RT @RT_America: UPDATE: The shooter is in custody, it is not known how many people have been wounded - media https://t.co/WyLKP4D2f3 #NewMe‚Ä¶",0.0,1.0,0.0,0.0
RT,Thu Dec 07 16:15:48 +0000 2017,RT @RT_America: DEVELOPING: All area schools are on lockdown https://t.co/WyLKP4D2f3 #NewMexico #shooting https://t.co/ygb6IoyJbv,0.0,1.0,0.0,0.0
RT,Thu Dec 07 16:15:45 +0000 2017,RT @RT_America: MORE: Police confirm reports of active shooter at #Aztec High School https://t.co/WyLKP4D2f3 #NewMexico https://t.co/65TY9a‚Ä¶,0.0,0.847,0.153,0.4019
RT,Thu Dec 07 16:11:00 +0000 2017,"‚Äò#Jerusalem is like a wife, you can‚Äôt share it‚Äô ‚Äì Israeli debates Arab on RT https://t.co/9F1m2QPb81 https://t.co/D41c8gG4f7",0.0,0.734,0.266,0.5719
RT,Thu Dec 07 16:10:20 +0000 2017,RT @RT_America: #BREAKING: Active #Shooter at #NewMexico high school https://t.co/WyLKP4D2f3 https://t.co/gMKUxTsHGm,0.0,0.787,0.213,0.4019
RT,Thu Dec 07 16:00:04 +0000 2017,"Could #Russia's next #president be artificial intelligence? #Alisa the robot ‚Äì who‚Äôs already got 20,000+ supporters‚Ä¶ https://t.co/uy6k21fFpd",0.0,0.829,0.171,0.4767
RT,Thu Dec 07 15:55:00 +0000 2017,Backpedaling? #WallStreet halts launch of #bitcoin futures - report https://t.co/kEOGoVIAjE https://t.co/cAoTfqn5PM,0.0,1.0,0.0,0.0
RT,Thu Dec 07 15:42:00 +0000 2017,‚ÄòPeople‚Äôs support of Putin must be taken into consideration‚Äô ‚Äì Gorbachev https://t.co/UEVJxOQm61 https://t.co/u2RT4etnLf,0.0,0.803,0.197,0.4019
RT,Thu Dec 07 15:30:01 +0000 2017,'Dangerous pace': IMF warns over ‚Äòlarge risks‚Äô for China‚Äôs financial system https://t.co/Sr37QlkXDm https://t.co/3eMKoTHBlE,0.29,0.71,0.0,-0.5423
RT,Thu Dec 07 15:21:00 +0000 2017,Several Palestinian protesters wounded by army gunfire and rubber bullets during clashes https://t.co/urpHObhBGl,0.137,0.863,0.0,-0.2263
RT,Thu Dec 07 15:17:24 +0000 2017,At least 31 people injured during protests across #WestBank and Gaza Strip https://t.co/QD83hbeUhi https://t.co/JYdVpApBL5,0.277,0.723,0.0,-0.5574
RT,Thu Dec 07 15:08:00 +0000 2017,"‚ÄòVisas, Mr President!‚Äô Algerians surround Macron, demand French visas (VIDEO) https://t.co/uMiRwAAqAc https://t.co/tEr4Pq9yYi",0.14,0.86,0.0,-0.2003
RT,Thu Dec 07 15:07:31 +0000 2017,RT @RTSportNews: Ukrainian tennis star Elina Svitolina strips for XXL magazine (VIDEO &amp; PHOTOS) https://t.co/PobvmK4EiR,0.0,1.0,0.0,0.0
RT,Thu Dec 07 15:00:05 +0000 2017,#Athens and #Thessaloniki resemble warzones after #protests turn violent on anniversary of teenager killed by‚Ä¶ https://t.co/5P8xJpjWuo,0.375,0.625,0.0,-0.8555
RT,Thu Dec 07 14:56:31 +0000 2017,RT @RTSportNews: ‚ÄòI‚Äôm ready to go at any moment‚Äô: Vitaly Mutko mulls 'resignation' amid doping allegation row https://t.co/SLzQTSVLFN,0.0,0.872,0.128,0.3612
RT,Thu Dec 07 14:41:28 +0000 2017,Palestinians damage mural depicting #Trump painted on Israeli barrier https://t.co/QD83hbeUhi https://t.co/xEu6pVz97A,0.343,0.657,0.0,-0.5719
RT,Thu Dec 07 14:30:08 +0000 2017,Armed police on horseback are patrolling streets of #Jerusalem following clashes between Palestinians and Israeli f‚Ä¶ https://t.co/GqjD7ZYKPy,0.0,1.0,0.0,0.0
RT,Thu Dec 07 14:19:09 +0000 2017,"RT @RTUKnews: RT's @Polly_Boiko  reports as UK soldiers may face trial at Hague court over war crimes allegations.

MORE: https://t.co/ek2c‚Ä¶",0.17,0.83,0.0,-0.5994
RT,Thu Dec 07 14:12:00 +0000 2017,'Disgusting scapegoating': Chancellor Hammond says disabled workers could be responsible for UK sluggish productivi‚Ä¶ https://t.co/RsPwxN4XuK,0.299,0.588,0.113,-0.5859
RT,Thu Dec 07 14:02:00 +0000 2017,Saudi Arabia should 'start producing prosperity instead of terrorists' - Iran FM to @WorldsApart_RT‚Ä¶ https://t.co/Blz9JILojs,0.24,0.76,0.0,-0.6249
RT,Thu Dec 07 14:00:03 +0000 2017,#Trump's #Jerusalem decision has triggered fury &amp; anti-US #protests across the #MiddleEast https://t.co/Jnh1QAIoy1 https://t.co/wR2kvmNH1x,0.222,0.778,0.0,-0.5719
RT,Thu Dec 07 13:54:57 +0000 2017,"RT @RTUKnews: Shadow Foreign Secretary @EmilyThornberry labels @realDonaldTrump's Jerusalem decision as ""unbelievable cheek."" https://t.co/‚Ä¶",0.0,0.878,0.122,0.2023
RT,Thu Dec 07 13:52:21 +0000 2017,Straight from the soil...to your bank account: Farmer cashes in on buried Viking treasure https://t.co/8GS481y4hd,0.0,0.76,0.24,0.4767
RT,Thu Dec 07 13:40:48 +0000 2017,"17 injured by Israeli Army gunfire, clashes in West Bank &amp; Gaza Strip ongoing - WATCH LIVE: https://t.co/aqDjbX8zPB https://t.co/V3uU3ReSh9",0.137,0.863,0.0,-0.4019
RT,Thu Dec 07 13:30:34 +0000 2017,Jerusalem recognition as Israeli capital ‚Äòworst &amp; most dangerous‚Äô decision ever from US administration ‚Äì Hezbollah https://t.co/QD83hbeUhi,0.0,1.0,0.0,0.0
RT,Thu Dec 07 13:21:00 +0000 2017,Saudi-backed local fighters capture coastal area in Yemen from Houthi rebels https://t.co/PmyKQzI4FS https://t.co/lKZAjgkCxu,0.214,0.786,0.0,-0.25
RT,Thu Dec 07 13:12:01 +0000 2017,When 'the mother of all bubbles' explodes 'it is going to hit everyone in the wallet' - @PeterSchiff https://t.co/RcbjlEdS2J,0.0,1.0,0.0,0.0
RT,Thu Dec 07 13:04:11 +0000 2017,#Israeli Prime Minister Benjamin #Netanyahu calls #Trump's #Jerusalem decision ‚Äòhistoric‚Äô https://t.co/urpHObhBGl https://t.co/3BcjBmYWqE,0.0,1.0,0.0,0.0
RT,Thu Dec 07 12:59:21 +0000 2017,RT @RTUKnews: 'Reckless threat to peace': British politicians react to @realDonaldTrump's decision to declare Jerusalem as Israel's capital‚Ä¶,0.276,0.724,0.0,-0.7269
RT,Thu Dec 07 12:55:25 +0000 2017,"‚ÄòGold price will explode &amp; dollar get wiped out,‚Äô warns investor @PeterSchiff who predicted 2008 financial crisis‚Ä¶ https://t.co/l5EPcUQopx",0.076,0.924,0.0,-0.1027
RT,Thu Dec 07 12:54:16 +0000 2017,#Trump's #Jerusalem decision has triggered fury &amp; anti-US #protests across the #MiddleEast https://t.co/Jnh1QAZZWB https://t.co/aWRTrH2Odr,0.222,0.778,0.0,-0.5719
RT,Thu Dec 07 12:36:12 +0000 2017,Boris Johnson criticizes Trump for his Jerusalem decision - US should instead show leadership in resolving the Arab‚Ä¶ https://t.co/BQPQUz1PoU,0.114,0.762,0.124,0.0516
RT,Thu Dec 07 12:24:00 +0000 2017,Russian Su-30SM fighter pilot's 'Peekaboo' flight https://t.co/KTtH4qGqBQ,0.0,0.789,0.211,0.1531
RT,Thu Dec 07 12:15:00 +0000 2017,Protesters burn an effigy of Trump following his decision to recognise #Jerusalem as the capital of #Israel‚Ä¶ https://t.co/leTDJ9hG7c,0.101,0.899,0.0,-0.2263
RT,Thu Dec 07 12:04:36 +0000 2017,"Russia-OPEC relations constructive, based on trust - Energy Minister https://t.co/KxdaPtsl1z https://t.co/pN3cNZU3BJ",0.0,0.597,0.403,0.6597
RT,Thu Dec 07 12:04:23 +0000 2017,Clashes in #Bethlehem following Trump‚Äôs ‚Äò#Jerusalem move‚Äô https://t.co/ZwUgxXE4Cj,0.0,1.0,0.0,0.0
RT,Thu Dec 07 11:53:04 +0000 2017,"#Clashes, tear gas &amp; burning tires: Rally in #Bethlehem following #Trump's #Jerusalem move (VIDEO)‚Ä¶ https://t.co/TXSFx50bh7",0.0,1.0,0.0,0.0
RT,Thu Dec 07 11:39:57 +0000 2017,"US Marine chopper reportedly drops object on Okinawa nursery, 50 kids playing there during flyover‚Ä¶ https://t.co/1PwJlMubqa",0.0,0.893,0.107,0.2023
RT,Thu Dec 07 11:27:45 +0000 2017,‚ÄòDead terrorists can‚Äôt harm us‚Äô: Defence Secretary vows to kill Brits who left UK for ISIS https://t.co/Wy1qzlGlyB https://t.co/kLcAWQdsl4,0.444,0.505,0.051,-0.9169
RT,Thu Dec 07 11:25:07 +0000 2017,LIVE: Scuffles in #Jerusalem at anti-#Trump protests  https://t.co/e1373G7Lm5 https://t.co/iMt6G7k8wO,0.192,0.808,0.0,-0.2263
RT,Thu Dec 07 11:21:26 +0000 2017,"RT @RTSportNews: ‚ÄòWith the mask or without?‚Äô: Coach keeps #ChampionsLeague last-16 bet, wears Zorro costume to presser https://t.co/MV8QDaX‚Ä¶",0.0,1.0,0.0,0.0
RT,Thu Dec 07 11:06:51 +0000 2017,‚ÄòNew fuse for an old powder keg‚Äô: Russian MPs warn of dangers caused by Trump‚Äôs Jerusalem decision‚Ä¶ https://t.co/F9Lbk0vCwd,0.223,0.777,0.0,-0.5574
RT,Thu Dec 07 11:00:01 +0000 2017,"Before Miley Cyrus there was this guy!
#TBT #ThrowBackThursday https://t.co/8bVC5u6Luw",0.0,1.0,0.0,0.0
RT,Thu Dec 07 10:54:39 +0000 2017,URGENT: Clashes in #Bethlehem following #Trump‚Äôs ‚Äò#Jerusalem move‚Äô; Watch LIVE https://t.co/aqDjbX8zPB https://t.co/JfvKwj7ykF,0.0,0.813,0.187,0.368
RT,Thu Dec 07 10:54:09 +0000 2017,Change your passwords: Hackers swipe over $64mn in bitcoin from cryptocurrency mining exchange #NiceHash‚Ä¶ https://t.co/qU9j3TH71V,0.0,1.0,0.0,0.0
RT,Thu Dec 07 10:41:55 +0000 2017,"RT @WorldsApart_RT: It's a well-known fact that #SaudiArabia has been bombing babies, elderly in #Yemen, they've achieved nothing there in‚Ä¶",0.0,1.0,0.0,0.0
RT,Thu Dec 07 10:40:19 +0000 2017,"Qatar buys French-made fighter jets, armored vehicles amid regional tensions https://t.co/JB13pnKSlL https://t.co/E7qkFZZh1a",0.189,0.699,0.112,-0.2732
RT,Thu Dec 07 10:26:50 +0000 2017,MORE: Palestinians protest in #Gaza against #Trump‚Äôs decision on #Jerusalem https://t.co/mYl93VxmJd https://t.co/u3rL4VUFzD,0.213,0.787,0.0,-0.4542
RT,Thu Dec 07 10:23:20 +0000 2017,LIVE: Palestinian factions protest in #Ramallah against #Trump's position on #Israel https://t.co/NB9fO3dBVe‚Ä¶ https://t.co/Fol4cfzXJ8,0.143,0.857,0.0,-0.25
RT,Thu Dec 07 10:17:51 +0000 2017,RT @RTUKnews: Sexists to face tougher sentences under plans to make misogyny a hate crime. https://t.co/q19shEtsty,0.341,0.521,0.137,-0.743
RT,Thu Dec 07 10:09:39 +0000 2017,Bad roads &amp; poor infrastructure is Russian economy's biggest woe ‚Äì economy minister https://t.co/WZ2BChzpIu https://t.co/WIQl1qjB8h,0.461,0.539,0.0,-0.8555
RT,Thu Dec 07 09:54:00 +0000 2017,Netanyahu says 'many' countries will follow US in recognizing Jerusalem as Israeli capital https://t.co/QD83hbeUhi https://t.co/ZUtv6a7TzZ,0.0,1.0,0.0,0.0
RT,Thu Dec 07 09:43:47 +0000 2017,‚ÄòI‚Äôm a heterosexual‚Äô: Lawmaker accuses colleague of being gay for touching his arm https://t.co/1ElTaOK8Nx https://t.co/9r4mazfUJN,0.156,0.844,0.0,-0.34
RT,Thu Dec 07 09:27:44 +0000 2017,Macron visits Qatar amid Arab boycott of Doha https://t.co/1x9yYXyGJN https://t.co/AaF8pd5ip3,0.204,0.796,0.0,-0.3182
RT,Thu Dec 07 09:22:30 +0000 2017,RT @RTUKnews: EU chiefs and Tories fear @theresa_may's government could collapse ‚Äòwithin weeks‚Äô over #Brexit deadlock. https://t.co/51q0qht‚Ä¶,0.386,0.614,0.0,-0.8316
RT,Thu Dec 07 09:11:16 +0000 2017,Israeli army ‚Äòsends additional forces to West Bank after Trump‚Äôs Jerusalem move‚Äô https://t.co/QD83hbeUhi https://t.co/bliNTCPbxm,0.0,1.0,0.0,0.0
RT,Thu Dec 07 09:02:17 +0000 2017,US troops may become targets after Trump's Jerusalem decision - Iraqi paramilitary group https://t.co/JxljNoD6YD https://t.co/5fA064WlFF,0.0,1.0,0.0,0.0
RT,Thu Dec 07 08:50:02 +0000 2017,Russian Su-30SM fighter pilot peeks inside transport plane mid-flight (VIDEO) https://t.co/KTtH4qGqBQ https://t.co/qM5hzeIu3V,0.0,0.873,0.127,0.1531
RT,Thu Dec 07 08:39:34 +0000 2017,"JUST IN: #Bitcoin hits new high of $15,000 https://t.co/gXtsZO1bKt",0.0,1.0,0.0,0.0
RT,Thu Dec 07 08:38:38 +0000 2017,DETAILS: We should call for &amp; we should work on launching intifada in the face of Israel - Hamas leader Ismail Hani‚Ä¶ https://t.co/BARNfQx07N,0.0,1.0,0.0,0.0
RT,Thu Dec 07 08:34:02 +0000 2017,BREAKING: Hamas leader calls for 'new intifada' against Israel' https://t.co/fLEohlZVPh https://t.co/aKuZbTBETR,0.0,1.0,0.0,0.0
RT,Thu Dec 07 08:31:10 +0000 2017,Gigantic ‚ÄòGoliath‚Äô galaxies: 'One of the rarest &amp; most extreme clumps of dark matter in the universe' https://t.co/2aMB6wGINt,0.0,0.939,0.061,0.0258
RT,Thu Dec 07 08:10:14 +0000 2017,Australian MPs vote to allow same-sex marriage https://t.co/xa4z55AGHD https://t.co/bYfCRAEPep,0.0,0.808,0.192,0.2263
RT,Thu Dec 07 08:00:53 +0000 2017,Trump‚Äôs decision to recognize Jerusalem as #Israel‚Äôs capital could become ‚Äòlegitimate reason‚Äô to attack US forces ‚Äì‚Ä¶ https://t.co/xsId0h0piL,0.154,0.846,0.0,-0.4767
RT,Thu Dec 07 07:52:46 +0000 2017,RT @RT_Doc: Their god is woman and their weapons are bare breasts. FEMEN members get naked to promote gender equality. https://t.co/bfNxe06‚Ä¶,0.113,0.703,0.184,0.2023
RT,Thu Dec 07 07:51:29 +0000 2017,RT @RT_America: Pentagon quadruples troop levels in #Syria to ‚Äòstabilize‚Äô liberated areas https://t.co/bDU6MbKHS9 https://t.co/qtMZiK3j12,0.0,1.0,0.0,0.0
RT,Thu Dec 07 07:32:47 +0000 2017,"Molotov cocktails, torched cars, toppled rubbish bins: Greek protesters clash with cops on anniversary of teen‚Äôs de‚Ä¶ https://t.co/Kx0Tf45dYN",0.101,0.899,0.0,-0.2263
RT,Thu Dec 07 07:23:00 +0000 2017,"Senior UN official holds talks with N. Korea‚Äôs foreign minister, first in 7 yrs https://t.co/MJsYrrms2h https://t.co/K0fwZUykw1",0.0,1.0,0.0,0.0
RT,Thu Dec 07 07:12:15 +0000 2017,"Indonesian President condemns Trump‚Äôs move to recognize Jerusalem as Israel‚Äôs capital, urges US to 'reconsider the‚Ä¶ https://t.co/qJiZjkgpiS",0.171,0.829,0.0,-0.5106
RT,Thu Dec 07 07:02:54 +0000 2017,"Visitors often come to this Irish town out of curiosity, ‚Äòand then never leave.‚Äô Viagra fumes to blame‚Ä¶ https://t.co/HdL6KwpDr3",0.0,0.944,0.056,0.0191
RT,Thu Dec 07 06:45:31 +0000 2017,‚ÄòEven the Royal family won‚Äôt be left alone‚Äô: Terrorist suspect ‚Äòurged #ISIS attacks on Prince George‚Äô‚Ä¶ https://t.co/ST9bU7lB7A,0.412,0.588,0.0,-0.8689
RT,Thu Dec 07 06:35:08 +0000 2017,"#SkirballFire rages in California:
- 200k evacuated
- 475 acres burned
- 300 firefighters on the scene‚Ä¶ https://t.co/RB77dWojzq",0.181,0.819,0.0,-0.4767
RT,Thu Dec 07 06:34:52 +0000 2017,RT @RT_America: LA City Council pres. warns of legal weed regulation blind spots https://t.co/LjLtp2Pgsi https://t.co/ympugCjIjX,0.233,0.682,0.085,-0.3818
RT,Thu Dec 07 06:19:33 +0000 2017,Ooops! F-35 loses panel during ‚Äòroutine training mission‚Äô in Okinawa https://t.co/wWrKHBLo5y https://t.co/7J0vID63jJ,0.191,0.809,0.0,-0.3802
RT,Thu Dec 07 06:06:26 +0000 2017,"37yo woman lures 18yo pregnant girl, drugs her &amp; cuts out unborn baby with stiletto knife https://t.co/h6T40o8S3f",0.121,0.879,0.0,-0.296
RT,Thu Dec 07 05:43:10 +0000 2017,AI to rival Putin during presidential election in Russia? https://t.co/hRtnPNwFnq https://t.co/ItAEgaX0IZ,0.0,1.0,0.0,0.0
RT,Thu Dec 07 05:31:38 +0000 2017,East Jerusalem‚Äôs Al-Aqsa Mosque plunges into darkness in response to Trump‚Äôs recognition of the city as the capital‚Ä¶ https://t.co/FqxT3upXdW,0.1,0.9,0.0,-0.25
RT,Thu Dec 07 05:12:33 +0000 2017,Now in Switzerland too: Billboards encourage cash-strapped students to snag themselves a rich ‚Äòsugar daddy‚Äô or ‚Äòsug‚Ä¶ https://t.co/nESnh25P7Z,0.0,0.685,0.315,0.7845
RT,Thu Dec 07 05:00:05 +0000 2017,Have you ever 'smoked' your #coffee?! https://t.co/JBjB1gZlI0,0.0,1.0,0.0,0.0
RT,Thu Dec 07 04:50:00 +0000 2017,Russia may beat this year's record grain harvest https://t.co/dIAsQnkzeV https://t.co/5vSqcqUi6x,0.0,1.0,0.0,0.0
RT,Thu Dec 07 04:40:00 +0000 2017,#NASA simulation shows how massive planetary collisions rocked Earth‚Äôs core https://t.co/y03HQnWSHZ https://t.co/brf2QoeI82,0.16,0.84,0.0,-0.2732
RT,Thu Dec 07 04:25:00 +0000 2017,Fake interpreter ‚Äòwaved her arms like she was singing Jingle Bells‚Äô in police conference  (VIDEO)‚Ä¶ https://t.co/AMt9ksHhpm,0.158,0.714,0.128,-0.1531
RT,Thu Dec 07 04:10:00 +0000 2017,"‚ÄòNot if, but when‚Äô: #NKorea claims US warmongering makes potential nuclear war inevitable https://t.co/fa8NC7uORR https://t.co/3pOFZyuEGt",0.437,0.563,0.0,-0.9022
RT,Thu Dec 07 03:55:00 +0000 2017,"‚ÄòAgeless, objective &amp; logical‚Äô: Russian AI chatbot‚Äôs presidential bid gets 20,000+ supporters‚Ä¶ https://t.co/AGDKxj7KNT",0.0,1.0,0.0,0.0
RT,Thu Dec 07 03:39:21 +0000 2017,Galaxy pair contain dark matter halo at least 1 trillion times the sun's mass ‚Äì study https://t.co/2aMB6wGINt https://t.co/e7foEUbKcf,0.0,0.932,0.068,0.0258
Fox News,Thu Dec 07 17:41:18 +0000 2017,"Michael Slager, cop who shot Walter Scott, sentenced: What to know about the case https://t.co/fzSKZ2KTCJ",0.073,0.927,0.0,-0.0258
Fox News,Thu Dec 07 17:36:02 +0000 2017,".@newtgingrich: ""How could [@HillaryClinton] delete 33,000 emails and not have been guilty of something?"" https://t.co/vo6t7u6PUC",0.0,0.857,0.143,0.3252
Fox News,Thu Dec 07 17:35:54 +0000 2017,Al Franken announces he will resign: Here's what happens to his Senate seat https://t.co/RafVK39YfG,0.156,0.844,0.0,-0.34
Fox News,Thu Dec 07 17:29:28 +0000 2017,"In his speech announcing his resignation, @SenFranken slammed @POTUS. https://t.co/LCgMpZekrB https://t.co/NjluEjHBCK",0.18,0.82,0.0,-0.296
Fox News,Thu Dec 07 17:19:39 +0000 2017,"Breaking News: At least a dozen people injured, suspect 'down' after shooting at New Mexico school, official says https://t.co/ERR3nDIyC2",0.234,0.766,0.0,-0.5994
Fox News,Thu Dec 07 17:16:37 +0000 2017,.@SenFranken's fellow Minnesota Democrat @amyklobuchar responds to his resignation. https://t.co/DmUKnENraq,0.196,0.804,0.0,-0.296
Fox News,Thu Dec 07 17:06:54 +0000 2017,A timeline of Sen. Al Franken's political career https://t.co/iyRqwOK1kL,0.0,1.0,0.0,0.0
Fox News,Thu Dec 07 17:05:23 +0000 2017,Top DOJ official demoted amid probe of contacts with Trump dossier firm https://t.co/gKcPOKHXAW,0.0,0.87,0.13,0.2023
Fox News,Thu Dec 07 17:01:54 +0000 2017,".@SenFranken: ""I hope you know that I will be fighting alongside you every step of the way.""",0.129,0.722,0.149,0.1027
Fox News,Thu Dec 07 17:01:36 +0000 2017,".@SenFranken: ""For a decade now, every time I would get tired or discouraged or frustrated, I would think about the‚Ä¶ https://t.co/QX0pxHOBz8",0.375,0.625,0.0,-0.8402
Fox News,Thu Dec 07 17:01:11 +0000 2017,BREAKING NEWS: Al Franken resigns from the U.S. Senate. https://t.co/LCgMpZekrB https://t.co/Ulug34zYGW,0.187,0.813,0.0,-0.3182
Fox News,Thu Dec 07 16:55:14 +0000 2017,BREAKING NEWS: @SenFranken will resign from the U.S. Senate. https://t.co/8LLMBTyo4S,0.211,0.789,0.0,-0.34
Fox News,Thu Dec 07 16:40:15 +0000 2017,David Cassidy's will leaves out daughter Katie: report https://t.co/If3BtmK1uK,0.0,1.0,0.0,0.0
Fox News,Thu Dec 07 16:31:07 +0000 2017,.@FLOTUS tweeted a message thanking the military for their courage and sacrifice in remembrance of Pearl Harbor Day. https://t.co/g6koofHGZV,0.0,0.842,0.158,0.4939
Fox News,Thu Dec 07 16:26:08 +0000 2017,"On @TheStoryFNC, @UN Ambassador @nikkihaley said that acknowledging Jerusalem as Israel's capital is ""common sense‚Ä¶ https://t.co/B93AW6wzbV",0.0,1.0,0.0,0.0
Fox News,Thu Dec 07 16:22:04 +0000 2017,Trump‚Äôs Jerusalem decision triggers violent clashes in Palestinians areas (via @christocarbone)‚Ä¶ https://t.co/JimMVMhfyZ,0.262,0.738,0.0,-0.5994
Fox News,Thu Dec 07 16:15:12 +0000 2017,"Tucker Talks to Ja Du, a White Person Who Identifies as a Filipino Woman https://t.co/vWvnTST2z7",0.0,1.0,0.0,0.0
Fox News,Thu Dec 07 16:12:08 +0000 2017,FBI director Christopher Wray testifies before House Judiciary Committee -- live blog https://t.co/FNlGssdx72,0.0,1.0,0.0,0.0
Fox News,Thu Dec 07 16:05:06 +0000 2017,".@newtgingrich: ""You have two extraordinarily strong historic personalities in @Pontifex and @POTUS... Sometimes th‚Ä¶ https://t.co/jLLOkOkqd5",0.0,0.809,0.191,0.5106
Fox News,Thu Dec 07 16:01:30 +0000 2017,Franken accused of groping journalist at Media Matters party for Obama inauguration https://t.co/JlAD3ojj94,0.138,0.625,0.238,0.1531
Fox News,Thu Dec 07 15:56:10 +0000 2017,.@trish_regan Rips 'Feminist' @chelseahandler for Calling Sarah Sanders a 'Harlot' https://t.co/R1iqcI14Jp,0.0,1.0,0.0,0.0
Fox News,Thu Dec 07 15:44:49 +0000 2017,".@benshapiro: ""If you are a Jew and you walk into East Jerusalem, your life is in danger. If you're an Arab and you‚Ä¶ https://t.co/T8A8prOapV",0.134,0.866,0.0,-0.5267
Fox News,Thu Dec 07 15:37:38 +0000 2017,"Yesterday, Israeli PM Benjamin @Netanyahu thanked President @realDonaldTrump for formally recognizing Jerusalem as‚Ä¶ https://t.co/9iGoBVILXu",0.0,0.818,0.182,0.4404
Fox News,Thu Dec 07 15:35:30 +0000 2017,"Alec Baldwin goes after John Oliver, Stephen Colbert for acting like 'grand juries' https://t.co/tiq8AysnvD",0.0,0.686,0.314,0.6705
Fox News,Thu Dec 07 15:29:28 +0000 2017,Outrage as Philly pushes through ban on bulletproof glass in crime-plagued neighborhood shops https://t.co/9pFy8PVP5c,0.365,0.635,0.0,-0.7845
Fox News,Thu Dec 07 15:27:17 +0000 2017,'Sudden Case of Feverish Morality': @IngrahamAngle Calls Out Dems' 'Political Calculation' on @SenFranken https://t.co/IXqzwbPIsI,0.0,1.0,0.0,0.0
Fox News,Thu Dec 07 15:18:58 +0000 2017,".@TuckerCarlson Rips 'Opportunist, Phony' @SenGillibrand Over Flip-Flop on @BillClinton Praise
https://t.co/nhyxuF5Y9j",0.0,0.735,0.265,0.5574
Fox News,Thu Dec 07 15:14:58 +0000 2017,".@johnthune: ""When you've got people who are behaving badly, they've got to be held accountable."" https://t.co/h0hcXCkhnI",0.171,0.829,0.0,-0.4767
Fox News,Thu Dec 07 15:11:15 +0000 2017,"On ""The @IngrahamAngle,"" President George W. Bush's Secretary of Defense Donald Rumsfeld expressed elation that‚Ä¶ https://t.co/0QeeSa1vqh",0.0,0.778,0.222,0.4588
Fox News,Thu Dec 07 15:09:07 +0000 2017,LIVE BLOG: FBI Director Christopher Wray testifies before House Judiciary Committee https://t.co/eeQ64iJizB,0.0,1.0,0.0,0.0
Fox News,Thu Dec 07 15:00:24 +0000 2017,".@USAmbIsrael: ""@POTUS didn't want the Israelis to show up the bargaining table and be forced to negotiate for some‚Ä¶ https://t.co/UbCiZYJT4y",0.19,0.81,0.0,-0.4976
Fox News,Thu Dec 07 14:52:10 +0000 2017,"This morning, @BernieSanders had a message for @POTUS about sexual misconduct and resignation. https://t.co/bx2jFoCFrs",0.155,0.845,0.0,-0.296
Fox News,Thu Dec 07 14:48:32 +0000 2017,"RT @FoxBusiness: .@LaraLeaTrump on Trump declaring Jerusalem the capital of Israel: ""This is something I think has been long overdue, many‚Ä¶",0.0,1.0,0.0,0.0
Fox News,Thu Dec 07 14:48:01 +0000 2017,"RT @FoxBusiness: .@LaraLeaTrump: ""The president is doing such an incredible job, hasn't even been in office for a full year, I'm incredibly‚Ä¶",0.0,1.0,0.0,0.0
Fox News,Thu Dec 07 14:44:04 +0000 2017,Gregg Jarrett: 'The Mueller Investigation Is Illegitimate and Corrupt' https://t.co/mN70QuGu82,0.0,1.0,0.0,0.0
Fox News,Thu Dec 07 14:38:00 +0000 2017,".@TGowdySC: ""If he had pro-Clinton or anti-Trump bias, what the hell was he doing interviewing @HillaryClinton?"" https://t.co/kWliX7jI55",0.286,0.714,0.0,-0.7184
Fox News,Thu Dec 07 14:12:40 +0000 2017,"Rabbit rescued from California wildfires by anonymous hero
https://t.co/MBOh80Xo1N",0.0,0.522,0.478,0.7506
Fox News,Thu Dec 07 14:09:30 +0000 2017,"DOJ analyzing 10,000+ texts from FBI agent pulled from Special Counsel investigation; Catherine Herridge reports. https://t.co/JenvbFFOhA",0.0,0.847,0.153,0.4019
Fox News,Thu Dec 07 14:08:02 +0000 2017,".@TGowdySC: ""If he had pro-Clinton or anti-Trump bias, what the hell was he doing interviewing @HillaryClinton?"" https://t.co/5IvDeE0D2k",0.286,0.714,0.0,-0.7184
Fox News,Thu Dec 07 14:05:42 +0000 2017,".@jasonrileywsj: ""It's reasonable for Americans to think that our immigration policy should promote the safety of A‚Ä¶ https://t.co/JNtgcsBaCJ",0.0,0.748,0.252,0.6597
Fox News,Thu Dec 07 13:54:24 +0000 2017,"On #Hannity, @RepMattGaetz called out Special Counsel Robert Mueller and this team. https://t.co/L4AcVGMEr3 https://t.co/FcVH0U1Rku",0.0,0.828,0.172,0.4019
Fox News,Thu Dec 07 13:46:02 +0000 2017,"""This is actually a 'seat-suit.'""

@Ford is testing reactions to driverless cars... by hiding a drivers inside the‚Ä¶ https://t.co/OU5caLvAEv",0.121,0.879,0.0,-0.296
Fox News,Thu Dec 07 13:39:23 +0000 2017,House rejects Democrat's impeachment attempt. https://t.co/LsSVCznIKC https://t.co/ZKkl4XtfqK,0.348,0.652,0.0,-0.4939
Fox News,Thu Dec 07 13:31:08 +0000 2017,".@newtgingrich: ""How could [@HillaryClinton] delete 33,000 emails and not have been guilty of something?"" https://t.co/ZlOKZrJIGX",0.0,0.857,0.143,0.3252
Fox News,Thu Dec 07 13:23:47 +0000 2017,Southern California wildfires force mass evacuations around Los Angeles https://t.co/5XbPvYWZBp,0.0,1.0,0.0,0.0
Fox News,Thu Dec 07 13:15:25 +0000 2017,"On @foxandfriends, @newtgingrich said there was a double standard in how the @FBI treated @HillaryClinton and‚Ä¶ https://t.co/O9i55mFEvL",0.0,1.0,0.0,0.0
Fox News,Thu Dec 07 13:05:15 +0000 2017,".@PeteHegseth: ""Upwards of 30 Senators have come out on the Democratic side saying that [@SenFranken] should resign‚Ä¶ https://t.co/afdIMExYOB",0.0,1.0,0.0,0.0
Fox News,Thu Dec 07 13:04:00 +0000 2017,Democrat women calling for @SenFranken's resignation. https://t.co/nHNo8nRmD0,0.268,0.732,0.0,-0.296
Fox News,Thu Dec 07 12:59:58 +0000 2017,".@newtgingrich: ""You have two extraordinarily strong historic personalities in @Pontifex and @POTUS... Sometimes th‚Ä¶ https://t.co/uktkuXZnWl",0.0,0.809,0.191,0.5106
Fox News,Thu Dec 07 12:57:03 +0000 2017,Southern California wildfires force mass evacuations around Los Angeles (via @travfed)  https://t.co/5XbPvYWZBp https://t.co/qyIGDT9rId,0.0,1.0,0.0,0.0
Fox News,Thu Dec 07 12:53:34 +0000 2017,".@RepRichHudson: ""There are 12 states out there that actually have Constitutional Carry... Once they instituted thi‚Ä¶ https://t.co/6cPS2weTlu",0.0,1.0,0.0,0.0
Fox News,Thu Dec 07 12:52:32 +0000 2017,"Dan Watkins: ""Had I been able to carry and the shooter was on the ground, it would've been nice to have that abilit‚Ä¶ https://t.co/eqROggXzcE",0.0,0.887,0.113,0.4215
Fox News,Thu Dec 07 12:50:42 +0000 2017,"After her visit to Texas yesterday, @FLOTUS thanked first responders as well as the @CoastalBendFB for their work a‚Ä¶ https://t.co/811CYK7f2E",0.0,0.783,0.217,0.6124
Fox News,Thu Dec 07 12:42:19 +0000 2017,".@newtgingrich: ""How could [@HillaryClinton] delete 33,000 emails and not have been guilty of something?"" https://t.co/vwocsgnnfp",0.0,0.857,0.143,0.3252
Fox News,Thu Dec 07 12:41:21 +0000 2017,".@newtgingrich: ""Why was Hillary not put under oath? She could never be charged as Flynn was because they never put‚Ä¶ https://t.co/PqLaqUOiIo",0.0,0.926,0.074,0.1511
Fox News,Thu Dec 07 12:40:33 +0000 2017,".@newtgingrich: ""The difference in approach to Clinton corruption, which gets a pass, and @GenFlynn is I think a si‚Ä¶ https://t.co/LDc29Kz9rP",0.0,1.0,0.0,0.0
Fox News,Thu Dec 07 12:39:39 +0000 2017,".@newtgingrich: ""How can Hillary's assistants all have... clearly lied to the FBI [and] not a single one of them ha‚Ä¶ https://t.co/o8fqKT53ko",0.112,0.773,0.116,0.0258
Fox News,Thu Dec 07 12:39:02 +0000 2017,".@newtgingrich: ""It's clear that Mueller was bringing in people who are aggressive Democratic donors."" https://t.co/Ry5jQGRQsS",0.093,0.756,0.151,0.25
Fox News,Thu Dec 07 12:38:48 +0000 2017,".@newtgingrich: ""We now know that had Hillary won, the corruption [in the @FBI] would've gotten bigger, it would've‚Ä¶ https://t.co/IDWFVoSgfw",0.0,0.829,0.171,0.5719
Fox News,Thu Dec 07 12:35:40 +0000 2017,"On @foxandfriends, @benshapiro reflected on the Masterpiece Cakeshop Supreme Court case, which pits religious and a‚Ä¶ https://t.co/X7gqjhZzEM",0.0,0.661,0.339,0.8271
Fox News,Thu Dec 07 12:31:59 +0000 2017,Pulse nightclub shooter's wife to stand trial in Orlando https://t.co/7SSTpDLNYq,0.0,1.0,0.0,0.0
Fox News,Thu Dec 07 12:27:24 +0000 2017,.@USAmbIsrael on @foxandfriends: ‚ÄúThe president remains committed to a peace process.‚Äù https://t.co/3g92EJBJ2Q https://t.co/g2tx6KSfp4,0.0,0.641,0.359,0.6808
Fox News,Thu Dec 07 12:27:01 +0000 2017,Californians who fled fire reflect after losing everything https://t.co/8G5wrc4V3R,0.417,0.583,0.0,-0.6124
Fox News,Thu Dec 07 12:23:16 +0000 2017,.@USAmbIsrael on @foxandfriends: ‚ÄúI am really proud of the president. I thought this decision was bold‚Ä¶I also think‚Ä¶ https://t.co/1znpuNg5uB,0.0,0.834,0.166,0.5256
Fox News,Thu Dec 07 12:17:14 +0000 2017,.@Judgenap: The general and the president (via @FoxNewsOpinion) https://t.co/LEny57zJtp,0.0,1.0,0.0,0.0
Fox News,Thu Dec 07 12:09:10 +0000 2017,UN Ambassador @nikkihaley praised @realDonaldTrump‚Äôs decision to move the US Embassy to Jerusalem.‚Ä¶ https://t.co/rgXUc83V82,0.0,0.802,0.198,0.4939
Fox News,Thu Dec 07 12:03:12 +0000 2017,"A firefighter works to put out a blaze burning a home in #Ventura, #California. https://t.co/AdFCqLzn7j https://t.co/bvUXvzCSUI",0.0,1.0,0.0,0.0
Fox News,Thu Dec 07 12:00:01 +0000 2017,A @HillaryClinton Tree Topper Is Now on Sale https://t.co/BvgpdJ4NiO,0.0,1.0,0.0,0.0
Fox News,Thu Dec 07 11:53:48 +0000 2017,.@Judgenap on FBI Director Christopher Wray: ‚ÄúHe has the unenviable position of defending events and decisions that‚Ä¶ https://t.co/omKfgQzqSd,0.0,1.0,0.0,0.0
Fox News,Thu Dec 07 11:49:13 +0000 2017,.@AlanDersh: Why Trump is right in recognizing Jerusalem as Israel's capital (via @FoxNewsOpinion) https://t.co/vXhj3dGrwh,0.0,1.0,0.0,0.0
Fox News,Thu Dec 07 11:44:37 +0000 2017,Unearthed photo shows Bonnie and Clyde's embrace right before bloody death https://t.co/gh0jyE4Hsb,0.376,0.497,0.127,-0.6705
Fox News,Thu Dec 07 11:40:33 +0000 2017,The most popular dog names aren't dog names at all https://t.co/ADVHbEnCkv,0.0,0.764,0.236,0.4754
Fox News,Thu Dec 07 11:34:06 +0000 2017,".@EWErickson: Jerusalem is why Trump's in the White House (via @FoxNewsOpinion)
https://t.co/n7Eey4BvK2",0.0,1.0,0.0,0.0
Fox News,Thu Dec 07 11:30:00 +0000 2017,"Melania Trump, Karen Pence Dine at Whataburger During TX Visit, Treat Press to Lunch https://t.co/x6dW6VX6Qe",0.0,0.687,0.313,0.7125
Fox News,Thu Dec 07 11:26:41 +0000 2017,#CapitolChristmasTree Lighting on @USCapitol Hill https://t.co/NQMlc1b6nw,0.0,1.0,0.0,0.0
Fox News,Thu Dec 07 11:21:02 +0000 2017,.@JaniceDean gives a weather update @FoxFriendsFirst https://t.co/3VGBxL4Vxg,0.0,1.0,0.0,0.0
Fox News,Thu Dec 07 11:17:55 +0000 2017,US Air Force bombers needed to send message to North Korea come up short https://t.co/UxRpkE9TX0,0.0,1.0,0.0,0.0
Fox News,Thu Dec 07 11:09:03 +0000 2017,House rejects #Trump impeachment resolution after Dem Rep. Al Green forces vote https://t.co/KUqTdBS1du,0.211,0.789,0.0,-0.4939
Fox News,Thu Dec 07 11:02:37 +0000 2017,Outrage as Philly pushes through ban on bulletproof glass in crime-plagued neighborhood shops https://t.co/5veVOoQQtw,0.365,0.635,0.0,-0.7845
Fox News,Thu Dec 07 11:00:06 +0000 2017,".@nikkihaley on backlash to @POTUS' Israel announcement: ""Courage doesn't come by doing what everybody else says. C‚Ä¶ https://t.co/IrLx0pMGZq",0.0,0.842,0.158,0.4939
Fox News,Thu Dec 07 10:57:03 +0000 2017,".@Uncle_Jimbo: ‚ÄúThe Supreme Court just upheld President #Trump‚Äôs travel ban, which is a vital tool to allow the pre‚Ä¶ https://t.co/7Ra1iOWMtQ",0.137,0.57,0.293,0.4767
Fox News,Thu Dec 07 10:55:25 +0000 2017,"US trip to #Olympics uncertain amid North Korea threat, @nikkihaley  says https://t.co/ZFSzbkX7db",0.359,0.641,0.0,-0.6808
Fox News,Thu Dec 07 10:50:41 +0000 2017,A firefighter puts out a spot fire next to a Christmas tree saved from a wildfire in the #BelAir district of‚Ä¶ https://t.co/O0voQnJZkP,0.113,0.755,0.132,0.1027
Fox News,Thu Dec 07 10:47:46 +0000 2017,Chris Prudhome: ‚ÄúThis is a time of bringing the country together.‚Äù @FoxFriendsFirst https://t.co/NcBFAwf7cp,0.0,1.0,0.0,0.0
Fox News,Thu Dec 07 10:40:01 +0000 2017,"Python hunter kills monster 17-foot snake in Florida Everglades, sets new record https://t.co/5QPIuxPObE",0.226,0.774,0.0,-0.5423
Fox News,Thu Dec 07 10:31:21 +0000 2017,"The sun is seen through thick smoke generated by a wildfire in #SantaPaula, #California. https://t.co/AdFCqLzn7j https://t.co/W2FgCQlnC2",0.0,1.0,0.0,0.0
Fox News,Thu Dec 07 10:20:00 +0000 2017,Corey Feldman's 1993 audio files naming alleged sexual predators found by Santa Barbara County Sheriff's Office https://t.co/Q3S4G8kJNb,0.0,1.0,0.0,0.0
Fox News,Thu Dec 07 10:15:00 +0000 2017,Pennsylvania Dem linked to gambling ring awaits sentencing https://t.co/VwJwghZkoW via @LukasMikelionis,0.134,0.756,0.109,-0.0772
Fox News,Thu Dec 07 10:10:01 +0000 2017,Black female ICE agent accuses police department of racial profiling after being pulled over three times https://t.co/KRG1ios7as,0.13,0.87,0.0,-0.34
Fox News,Thu Dec 07 10:00:03 +0000 2017,Kim Jong Un's bizarre North Korea propaganda photos https://t.co/brqMtzlQoJ,0.381,0.619,0.0,-0.5106
Fox News,Thu Dec 07 09:47:59 +0000 2017,Trump's Jerusalem move: President's patented move of taking an half-step https://t.co/Uuivx9SMp9 via @HowardKurtz @MediaBuzzFNC,0.0,1.0,0.0,0.0
Fox News,Thu Dec 07 09:40:00 +0000 2017,"More North Korean 'ghost ships' washing up on Japan's coast due to food shortage, sanctions, analysts say https://t.co/spNwtmXfDy",0.222,0.778,0.0,-0.552
Fox News,Thu Dec 07 09:20:00 +0000 2017,California family who lost home to wildfire finds wedding ring among rubble https://t.co/pkQQ8JJfuy,0.161,0.839,0.0,-0.3182
Fox News,Thu Dec 07 09:15:01 +0000 2017,"Seth Williams, Philadelphia's first black DA, begins 5-year term after bribery conviction https://t.co/T4Vhhlivq7 via @gregg_re",0.0,1.0,0.0,0.0
Fox News,Thu Dec 07 09:00:01 +0000 2017,U.S. Air Force bombers needed to send message to North Korea come up short https://t.co/L2TgCiKXyv,0.0,1.0,0.0,0.0
Fox News,Thu Dec 07 08:50:48 +0000 2017,"F-35s could assist in intercepting North Korean ICBMs, experiment shows: report https://t.co/Fum99yZ2IR via‚Ä¶ https://t.co/wyIlRHum15",0.0,1.0,0.0,0.0
Fox News,Thu Dec 07 08:34:38 +0000 2017,Outrage as Philly pushes through ban on bulletproof glass in crime-plagued neighborhood shops https://t.co/XNRsM96Alt,0.365,0.635,0.0,-0.7845
Fox News,Thu Dec 07 08:30:01 +0000 2017,House rejects Trump impeachment resolution after Dem Rep. Al Green forces vote https://t.co/63lk7vuGsh,0.211,0.789,0.0,-0.4939
Fox News,Thu Dec 07 08:07:57 +0000 2017,"Georgia teacher may have exposed teen to HIV, police say https://t.co/xihPIuT1Mk",0.115,0.885,0.0,-0.0772
Fox News,Thu Dec 07 08:00:00 +0000 2017,'Jeopardy!' winner charged with computer crimes at small Michigan college https://t.co/j5DDpc7DXw,0.121,0.604,0.275,0.5093
